index,transport,datebg,datend, success,courer
1,Автомобиль,21.12.2000 3:08:01,21.12.2000 14:34:04,Ложь,2
2,Пешком,03.05.2005 3:51:19,03.05.2005 16:07:48,Ложь,4
3,Автомобиль,16.11.2012 3:38:53,16.11.2012 22:31:39,Ложь,3
4,Велосипед,25.03.2000 4:15:44,25.03.2000 22:51:17,Ложь,5
5,Велосипед,16.06.2004 5:23:12,16.06.2004 14:47:39,Ложь,9
6,ОбщественныйТранспорт,28.10.2009 3:02:08,28.10.2009 22:03:11,Ложь,9
7,Автомобиль,26.10.2002 5:04:56,26.10.2002 11:23:49,Истина,2
8,Пешком,25.09.2003 4:25:31,25.09.2003 18:10:08,Ложь,10
9,Велосипед,15.03.2021 3:34:56,15.03.2021 15:16:22,Истина,7
10,Автомобиль,24.05.2000 2:52:21,24.05.2000 23:00:51,Ложь,10
11,ОбщественныйТранспорт,21.04.2008 4:01:01,22.04.2008 0:55:11,Истина,2
12,Пешком,13.06.2028 3:02:41,13.06.2028 14:18:34,Ложь,3
13,Пешком,04.07.2000 3:00:36,04.07.2000 21:45:55,Ложь,3
14,Пешком,01.12.2017 5:24:38,01.12.2017 19:25:51,Истина,5
15,Велосипед,10.02.2006 4:43:09,10.02.2006 22:18:58,Истина,3
16,Велосипед,08.08.2019 5:03:03,08.08.2019 20:53:43,Ложь,2
17,Велосипед,15.08.2005 4:46:38,16.08.2005 1:36:12,Истина,9
18,ОбщественныйТранспорт,14.05.2026 3:16:10,14.05.2026 10:22:25,Ложь,6
19,Велосипед,02.04.2013 3:06:02,02.04.2013 10:31:59,Истина,2
20,Велосипед,17.07.2007 3:23:38,17.07.2007 11:01:44,Ложь,3
21,ОбщественныйТранспорт,10.03.2014 3:47:55,10.03.2014 13:16:37,Истина,7
22,ОбщественныйТранспорт,14.10.2015 4:37:11,14.10.2015 17:41:53,Ложь,8
23,Автомобиль,17.02.2005 3:11:25,17.02.2005 22:22:18,Ложь,10
24,ОбщественныйТранспорт,15.03.2027 5:32:13,15.03.2027 17:44:06,Истина,6
25,Велосипед,12.10.2013 3:45:37,13.10.2013 0:24:56,Истина,6
26,Велосипед,27.10.2016 5:02:22,27.10.2016 12:11:28,Ложь,4
27,Автомобиль,24.07.2012 3:23:30,24.07.2012 9:28:34,Ложь,3
28,Пешком,20.11.2009 3:06:53,20.11.2009 18:36:11,Ложь,9
29,Велосипед,26.01.2003 2:53:26,26.01.2003 12:28:33,Истина,1
30,Пешком,13.09.2000 3:10:53,13.09.2000 17:37:11,Истина,7
31,Пешком,08.05.2020 4:08:46,08.05.2020 21:11:26,Ложь,1
32,Автомобиль,16.12.2008 3:53:44,16.12.2008 17:31:21,Ложь,3
33,Велосипед,20.08.2013 3:32:29,20.08.2013 12:08:49,Истина,6
34,Автомобиль,22.10.2009 3:29:36,22.10.2009 13:21:53,Ложь,4
35,ОбщественныйТранспорт,27.01.2030 3:10:27,27.01.2030 21:48:14,Истина,10
36,Автомобиль,24.05.2011 3:57:27,24.05.2011 11:18:22,Истина,7
37,Автомобиль,16.09.2011 2:50:31,16.09.2011 12:46:25,Истина,5
38,ОбщественныйТранспорт,14.09.2008 4:28:16,14.09.2008 15:42:01,Истина,5
39,ОбщественныйТранспорт,25.08.2018 5:11:51,25.08.2018 16:15:55,Ложь,3
40,Велосипед,13.01.2006 4:53:26,13.01.2006 14:21:42,Истина,6
41,Автомобиль,03.09.2014 4:00:59,03.09.2014 16:36:51,Истина,8
42,ОбщественныйТранспорт,21.06.2021 5:01:24,21.06.2021 23:58:47,Истина,4
43,Автомобиль,19.06.2010 4:16:41,19.06.2010 20:58:17,Ложь,4
44,ОбщественныйТранспорт,13.02.2001 3:37:02,13.02.2001 13:53:29,Ложь,10
45,Автомобиль,16.03.2030 5:09:17,17.03.2030 0:36:34,Ложь,7
46,ОбщественныйТранспорт,07.02.2030 3:24:05,07.02.2030 9:04:41,Ложь,3
47,Автомобиль,13.08.2024 2:47:31,13.08.2024 12:11:29,Ложь,9
48,Велосипед,28.08.2005 3:51:58,28.08.2005 21:02:11,Ложь,1
49,ОбщественныйТранспорт,11.04.2001 4:33:59,12.04.2001 4:43:25,Ложь,5
50,Пешком,27.01.2024 5:24:10,28.01.2024 3:48:11,Истина,2
51,Велосипед,03.01.2018 3:15:58,03.01.2018 12:05:16,Ложь,8
52,Автомобиль,12.12.2016 5:11:43,13.12.2016 4:58:53,Ложь,6
53,Велосипед,04.01.2004 3:24:47,04.01.2004 19:34:11,Истина,6
54,Пешком,18.04.2012 3:26:50,18.04.2012 21:38:17,Истина,4
55,ОбщественныйТранспорт,18.03.2023 3:09:47,18.03.2023 12:11:55,Ложь,4
56,Велосипед,15.06.2021 3:46:28,15.06.2021 14:15:45,Истина,6
57,Велосипед,18.01.2027 5:21:34,18.01.2027 17:58:14,Истина,7
58,Автомобиль,06.02.2015 2:59:17,06.02.2015 12:05:28,Ложь,10
59,Автомобиль,13.04.2025 5:12:43,13.04.2025 18:52:17,Ложь,10
60,Велосипед,12.11.2010 3:49:24,12.11.2010 20:30:14,Ложь,9
61,ОбщественныйТранспорт,25.09.2018 4:38:15,25.09.2018 11:50:21,Истина,6
62,Пешком,07.02.2022 3:22:54,08.02.2022 2:20:00,Ложь,6
63,Пешком,17.01.2002 5:24:00,17.01.2002 21:27:25,Истина,2
64,ОбщественныйТранспорт,18.12.2011 3:47:48,19.12.2011 0:16:51,Истина,1
65,ОбщественныйТранспорт,04.04.2021 5:05:32,04.04.2021 20:39:18,Ложь,6
66,Пешком,24.10.2015 4:57:48,25.10.2015 2:16:18,Ложь,6
67,ОбщественныйТранспорт,26.12.2020 3:26:01,26.12.2020 11:52:52,Истина,4
68,Автомобиль,25.03.2010 3:12:10,25.03.2010 12:26:01,Ложь,5
69,Велосипед,11.11.2019 4:17:34,11.11.2019 18:20:28,Истина,3
70,Пешком,12.02.2012 2:58:42,13.02.2012 2:04:52,Истина,10
71,Пешком,18.11.2002 5:22:52,19.11.2002 1:11:22,Ложь,7
72,ОбщественныйТранспорт,24.06.2010 2:47:19,24.06.2010 9:29:20,Истина,7
73,Пешком,04.04.2023 4:52:12,05.04.2023 1:52:22,Ложь,5
74,Автомобиль,27.12.2005 3:01:41,28.12.2005 2:54:42,Истина,5
75,Пешком,25.10.2006 3:47:17,26.10.2006 3:12:20,Ложь,5
76,Пешком,18.05.2023 3:45:41,18.05.2023 19:23:50,Истина,3
77,Автомобиль,06.10.2002 4:34:55,07.10.2002 0:29:46,Ложь,5
78,Пешком,05.10.2027 3:05:09,05.10.2027 13:58:15,Истина,5
79,Пешком,09.11.2019 4:13:57,09.11.2019 21:03:46,Истина,6
80,ОбщественныйТранспорт,08.01.2008 3:02:13,08.01.2008 13:31:24,Ложь,4
81,Автомобиль,05.11.2005 5:26:21,06.11.2005 5:44:17,Ложь,10
82,Автомобиль,10.03.2025 2:57:22,10.03.2025 9:19:20,Истина,2
83,Автомобиль,17.02.2016 4:28:05,17.02.2016 18:10:01,Ложь,4
84,Велосипед,18.10.2013 4:52:30,19.10.2013 0:44:22,Истина,6
85,Пешком,17.02.2020 4:47:24,18.02.2020 5:36:00,Ложь,9
86,Велосипед,12.09.2027 5:00:18,13.09.2027 2:34:41,Истина,1
87,ОбщественныйТранспорт,21.02.2024 3:46:11,21.02.2024 23:38:40,Ложь,8
88,Велосипед,16.07.2003 3:00:48,17.07.2003 3:11:24,Истина,5
89,Пешком,07.10.2022 4:03:22,08.10.2022 4:56:37,Ложь,3
90,Автомобиль,19.09.2018 4:46:41,20.09.2018 0:16:54,Ложь,10
91,Автомобиль,10.10.2007 3:37:39,10.10.2007 17:00:32,Ложь,8
92,Велосипед,21.06.2012 4:45:01,22.06.2012 5:32:38,Истина,5
93,Автомобиль,11.09.2021 3:27:18,11.09.2021 10:36:50,Ложь,4
94,Пешком,22.11.2023 4:08:32,22.11.2023 15:13:02,Ложь,2
95,Пешком,14.10.2010 4:28:58,15.10.2010 0:19:30,Истина,2
96,Велосипед,10.07.2026 4:19:18,10.07.2026 21:50:10,Ложь,9
97,Велосипед,28.09.2025 5:13:57,28.09.2025 14:18:14,Истина,7
98,Велосипед,14.04.2012 5:24:23,15.04.2012 1:23:15,Ложь,9
99,ОбщественныйТранспорт,20.07.2004 4:03:59,20.07.2004 23:17:17,Истина,1
100,Велосипед,06.04.2028 2:46:48,06.04.2028 16:12:45,Истина,2
101,ОбщественныйТранспорт,20.07.2005 4:40:12,20.07.2005 22:49:48,Истина,3
102,ОбщественныйТранспорт,02.10.2029 3:19:26,02.10.2029 10:10:01,Истина,6
103,Велосипед,10.01.2020 3:39:23,11.01.2020 1:37:53,Ложь,7
104,Велосипед,17.06.2003 3:08:24,17.06.2003 22:30:36,Ложь,3
105,Автомобиль,14.02.2001 4:56:46,14.02.2001 16:38:04,Истина,9
106,Велосипед,16.08.2016 3:40:26,16.08.2016 16:22:54,Истина,9
107,ОбщественныйТранспорт,08.10.2003 3:07:07,08.10.2003 19:37:02,Ложь,3
108,Автомобиль,22.03.2005 3:01:11,22.03.2005 23:48:19,Ложь,7
109,Пешком,22.04.2013 5:29:43,23.04.2013 1:07:06,Истина,10
110,Велосипед,16.04.2015 3:01:07,16.04.2015 9:58:30,Истина,3
111,Пешком,14.07.2021 5:11:28,15.07.2021 2:22:30,Истина,4
112,Пешком,28.03.2026 3:49:35,28.03.2026 19:42:15,Ложь,3
113,Велосипед,01.08.2013 4:54:21,01.08.2013 18:17:05,Истина,6
114,Автомобиль,14.12.2017 3:11:05,14.12.2017 19:18:22,Ложь,8
115,Велосипед,20.10.2019 2:50:12,20.10.2019 16:40:38,Истина,3
116,Велосипед,28.11.2010 2:55:38,28.11.2010 12:44:14,Истина,1
117,Велосипед,28.09.2003 3:36:46,28.09.2003 15:25:55,Истина,1
118,Велосипед,07.07.2012 5:24:12,08.07.2012 4:23:03,Ложь,4
119,ОбщественныйТранспорт,28.02.2000 3:42:06,28.02.2000 16:05:44,Истина,4
120,ОбщественныйТранспорт,22.08.2029 3:33:41,22.08.2029 15:19:59,Истина,5
121,Пешком,08.08.2024 2:57:17,08.08.2024 20:55:14,Истина,1
122,ОбщественныйТранспорт,17.02.2024 4:41:10,17.02.2024 10:51:50,Истина,5
123,Автомобиль,23.03.2030 4:21:39,23.03.2030 21:16:17,Истина,1
124,Пешком,13.05.2005 4:05:47,13.05.2005 21:50:41,Истина,3
125,Автомобиль,05.11.2016 4:47:07,05.11.2016 12:17:34,Истина,8
126,ОбщественныйТранспорт,27.08.2029 4:09:57,27.08.2029 17:00:29,Ложь,6
127,Велосипед,19.08.2015 4:37:33,19.08.2015 19:20:15,Истина,1
128,Пешком,02.01.2013 3:31:52,02.01.2013 17:28:36,Ложь,2
129,Автомобиль,15.02.2018 4:50:57,16.02.2018 0:25:22,Ложь,4
130,ОбщественныйТранспорт,12.06.2025 3:06:15,12.06.2025 20:04:34,Ложь,8
131,Пешком,15.02.2025 3:26:24,15.02.2025 23:00:32,Истина,9
132,Автомобиль,06.06.2009 4:04:41,06.06.2009 18:53:07,Ложь,5
133,Пешком,18.08.2025 4:14:37,18.08.2025 20:03:38,Ложь,10
134,Велосипед,21.06.2005 4:11:10,21.06.2005 21:47:31,Истина,6
135,Велосипед,22.12.2025 3:55:18,22.12.2025 15:17:02,Истина,2
136,Автомобиль,18.06.2000 3:09:57,19.06.2000 0:03:18,Истина,6
137,Автомобиль,28.04.2030 5:25:02,28.04.2030 15:23:17,Истина,9
138,Велосипед,23.11.2007 4:39:40,23.11.2007 22:59:20,Ложь,10
139,Велосипед,15.06.2015 2:47:55,15.06.2015 10:57:23,Истина,2
140,Велосипед,01.06.2019 4:00:30,02.06.2019 0:07:27,Ложь,5
141,ОбщественныйТранспорт,07.01.2006 4:44:52,08.01.2006 1:05:29,Истина,2
142,Велосипед,03.02.2021 4:40:38,04.02.2021 4:46:16,Ложь,1
143,Велосипед,15.11.2025 3:19:41,15.11.2025 20:47:38,Истина,8
144,Автомобиль,09.09.2028 4:16:49,09.09.2028 23:43:50,Истина,6
145,Велосипед,04.10.2011 4:23:59,04.10.2011 23:03:49,Истина,5
146,Автомобиль,13.02.2019 3:33:56,13.02.2019 19:05:56,Истина,7
147,Пешком,17.10.2024 2:48:37,17.10.2024 18:30:32,Ложь,10
148,Велосипед,09.07.2002 3:42:35,09.07.2002 15:06:44,Истина,2
149,Пешком,24.11.2001 4:00:00,24.11.2001 21:44:00,Истина,6
150,ОбщественныйТранспорт,23.02.2006 4:54:29,24.02.2006 3:07:29,Ложь,4
151,Велосипед,22.08.2009 5:12:04,23.08.2009 3:56:40,Ложь,4
152,Велосипед,05.11.2012 3:36:00,05.11.2012 10:58:22,Истина,9
153,Автомобиль,05.08.2011 4:25:54,06.08.2011 4:20:53,Истина,10
154,Велосипед,13.08.2025 3:11:34,13.08.2025 13:38:10,Истина,6
155,Велосипед,26.08.2016 3:48:45,26.08.2016 20:50:39,Истина,1
156,ОбщественныйТранспорт,11.02.2002 2:59:58,11.02.2002 14:29:40,Истина,4
157,ОбщественныйТранспорт,22.03.2001 3:20:30,22.03.2001 17:14:54,Истина,4
158,Пешком,18.02.2010 4:23:50,18.02.2010 10:47:26,Истина,9
159,ОбщественныйТранспорт,22.07.2027 3:45:09,22.07.2027 17:25:35,Ложь,7
160,Автомобиль,15.02.2018 4:27:27,15.02.2018 15:06:42,Истина,4
161,ОбщественныйТранспорт,01.01.2009 3:42:04,01.01.2009 13:57:49,Истина,6
162,ОбщественныйТранспорт,16.05.2014 4:51:16,16.05.2014 16:06:12,Истина,1
163,Велосипед,28.11.2010 5:26:09,28.11.2010 20:37:02,Истина,10
164,Пешком,01.08.2014 3:19:01,01.08.2014 22:58:07,Ложь,5
165,Пешком,14.03.2000 5:16:04,14.03.2000 20:18:00,Ложь,10
166,Пешком,24.11.2022 4:45:38,24.11.2022 12:25:49,Ложь,9
167,Автомобиль,25.08.2005 4:49:29,25.08.2005 22:40:33,Ложь,1
168,Автомобиль,04.12.2009 4:56:21,04.12.2009 13:33:55,Истина,8
169,Автомобиль,23.05.2010 3:18:17,23.05.2010 15:03:33,Истина,2
170,Велосипед,21.11.2008 3:01:04,21.11.2008 18:57:06,Ложь,1
171,Велосипед,26.01.2027 3:35:54,26.01.2027 9:48:13,Истина,10
172,ОбщественныйТранспорт,04.05.2008 4:39:20,04.05.2008 21:59:46,Ложь,10
173,Велосипед,24.11.2000 3:18:18,24.11.2000 18:59:44,Истина,6
174,Автомобиль,14.09.2023 5:26:18,14.09.2023 14:07:08,Истина,8
175,ОбщественныйТранспорт,07.11.2025 5:15:30,08.11.2025 5:35:33,Истина,10
176,Автомобиль,13.10.2018 4:27:54,14.10.2018 1:06:01,Ложь,7
177,Велосипед,21.05.2001 4:36:59,21.05.2001 15:58:30,Ложь,1
178,ОбщественныйТранспорт,24.06.2011 4:09:30,24.06.2011 22:56:00,Истина,3
179,ОбщественныйТранспорт,10.12.2000 4:29:05,10.12.2000 17:00:28,Истина,10
180,ОбщественныйТранспорт,07.12.2009 4:16:24,08.12.2009 3:40:28,Истина,1
181,ОбщественныйТранспорт,02.09.2019 3:34:47,03.09.2019 2:07:34,Истина,1
182,Автомобиль,21.07.2025 3:19:28,21.07.2025 10:21:08,Ложь,7
183,ОбщественныйТранспорт,15.06.2014 4:11:56,16.06.2014 4:20:07,Ложь,1
184,Пешком,07.02.2022 5:06:07,07.02.2022 16:58:08,Истина,3
185,ОбщественныйТранспорт,20.08.2028 4:41:06,20.08.2028 14:59:39,Истина,5
186,ОбщественныйТранспорт,08.02.2011 4:16:16,08.02.2011 21:34:54,Истина,8
187,Велосипед,02.02.2021 4:17:12,02.02.2021 20:30:10,Ложь,2
188,Велосипед,03.09.2007 3:21:04,03.09.2007 11:51:29,Ложь,10
189,Пешком,20.12.2007 4:15:36,20.12.2007 20:52:38,Истина,6
190,Велосипед,03.03.2026 4:01:43,03.03.2026 17:27:55,Истина,2
191,Пешком,06.07.2015 4:03:45,06.07.2015 23:27:47,Ложь,10
192,Пешком,25.09.2015 5:31:45,25.09.2015 13:09:39,Истина,10
193,Пешком,11.03.2007 2:51:37,12.03.2007 1:22:48,Истина,2
194,Пешком,07.01.2018 5:27:22,07.01.2018 21:58:37,Истина,10
195,Пешком,13.07.2003 4:56:12,14.07.2003 1:16:52,Ложь,3
196,Велосипед,05.12.2013 4:14:19,05.12.2013 16:24:37,Ложь,10
197,ОбщественныйТранспорт,05.02.2026 3:59:22,05.02.2026 22:33:41,Истина,2
198,Велосипед,03.08.2029 3:49:45,03.08.2029 13:09:46,Истина,1
199,Автомобиль,22.08.2026 3:47:43,22.08.2026 9:30:26,Истина,4
200,Пешком,27.03.2015 3:39:54,27.03.2015 15:24:34,Истина,6
201,ОбщественныйТранспорт,07.09.2025 4:15:50,07.09.2025 16:28:28,Истина,6
202,Автомобиль,01.02.2020 3:23:09,01.02.2020 13:01:30,Истина,10
203,Велосипед,11.12.2023 3:24:26,11.12.2023 23:48:06,Ложь,9
204,Пешком,04.03.2009 4:59:55,04.03.2009 19:47:18,Ложь,7
205,ОбщественныйТранспорт,08.02.2021 3:06:16,08.02.2021 21:26:06,Истина,2
206,ОбщественныйТранспорт,10.03.2027 5:30:29,10.03.2027 12:41:03,Истина,8
207,Пешком,02.11.2022 5:13:55,03.11.2022 1:13:31,Истина,5
208,ОбщественныйТранспорт,28.09.2014 5:30:35,28.09.2014 14:45:26,Ложь,4
209,Пешком,21.10.2011 3:47:05,21.10.2011 10:20:38,Истина,4
210,Автомобиль,28.09.2008 4:49:14,28.09.2008 19:21:20,Ложь,8
211,Велосипед,27.09.2005 3:17:17,27.09.2005 12:58:26,Истина,2
212,Пешком,06.06.2030 4:45:36,06.06.2030 15:06:41,Истина,2
213,Автомобиль,15.02.2014 4:48:25,16.02.2014 0:38:40,Ложь,7
214,Велосипед,18.10.2004 4:54:56,18.10.2004 20:56:15,Ложь,2
215,Автомобиль,06.08.2001 3:05:09,06.08.2001 15:40:17,Ложь,3
216,Автомобиль,15.01.2009 5:03:43,15.01.2009 16:32:16,Ложь,2
217,Пешком,07.11.2028 2:52:04,07.11.2028 13:33:34,Ложь,8
218,ОбщественныйТранспорт,25.12.2025 3:57:04,25.12.2025 13:36:02,Ложь,2
219,ОбщественныйТранспорт,02.10.2001 3:06:06,02.10.2001 12:33:02,Истина,10
220,Автомобиль,11.04.2023 3:01:14,11.04.2023 17:46:57,Ложь,6
221,Велосипед,27.03.2003 4:06:17,27.03.2003 18:42:13,Истина,2
222,Велосипед,16.09.2009 3:45:05,16.09.2009 19:45:47,Ложь,7
223,Автомобиль,11.11.2019 4:24:48,11.11.2019 22:27:59,Ложь,5
224,ОбщественныйТранспорт,12.04.2012 3:08:57,12.04.2012 16:36:10,Ложь,1
225,ОбщественныйТранспорт,02.09.2002 4:24:49,02.09.2002 23:29:47,Истина,1
226,Велосипед,14.09.2004 4:57:05,14.09.2004 11:06:17,Истина,7
227,Пешком,13.01.2030 3:43:20,13.01.2030 15:41:23,Истина,2
228,Автомобиль,20.06.2010 5:20:58,21.06.2010 1:53:51,Истина,8
229,Пешком,13.11.2008 5:02:50,13.11.2008 11:04:03,Истина,4
230,Велосипед,03.08.2022 4:16:29,03.08.2022 18:45:50,Ложь,6
231,Велосипед,20.08.2013 3:15:46,20.08.2013 20:33:09,Ложь,9
232,ОбщественныйТранспорт,13.04.2027 4:05:12,13.04.2027 13:55:40,Истина,2
233,ОбщественныйТранспорт,01.10.2028 5:27:22,01.10.2028 23:23:22,Ложь,3
234,Велосипед,16.08.2028 4:42:52,17.08.2028 3:17:49,Истина,2
235,Пешком,09.01.2009 5:23:16,09.01.2009 22:00:33,Истина,8
236,ОбщественныйТранспорт,10.05.2018 4:35:51,10.05.2018 20:10:48,Истина,10
237,Велосипед,06.01.2000 4:34:57,06.01.2000 11:31:58,Ложь,5
238,Автомобиль,14.02.2017 5:01:07,15.02.2017 3:41:34,Истина,3
239,Автомобиль,12.03.2028 5:19:20,12.03.2028 17:56:30,Ложь,1
240,Автомобиль,26.08.2019 3:22:25,27.08.2019 3:48:31,Истина,7
241,Велосипед,15.01.2017 3:38:06,15.01.2017 10:04:38,Истина,4
242,ОбщественныйТранспорт,07.02.2021 4:35:38,07.02.2021 13:19:59,Ложь,1
243,Автомобиль,27.09.2017 3:15:10,27.09.2017 10:19:29,Ложь,8
244,ОбщественныйТранспорт,05.09.2007 3:45:20,05.09.2007 15:01:04,Ложь,7
245,Велосипед,13.02.2006 3:38:01,13.02.2006 17:52:39,Ложь,2
246,Велосипед,26.03.2017 3:32:26,26.03.2017 18:16:27,Истина,4
247,Автомобиль,02.01.2023 3:19:55,02.01.2023 19:27:04,Ложь,8
248,Пешком,15.11.2005 5:14:49,15.11.2005 12:07:22,Ложь,8
249,Велосипед,19.02.2019 3:23:15,19.02.2019 20:08:07,Ложь,1
250,Автомобиль,11.01.2029 4:50:26,11.01.2029 11:33:49,Ложь,9
251,Пешком,25.03.2001 4:07:56,25.03.2001 22:22:25,Истина,6
252,Пешком,17.04.2014 3:49:38,17.04.2014 14:53:07,Истина,3
253,Велосипед,16.07.2012 2:54:24,16.07.2012 23:47:53,Истина,5
254,Велосипед,05.04.2004 4:37:32,05.04.2004 11:15:18,Ложь,8
255,Автомобиль,09.03.2006 4:12:05,10.03.2006 1:55:21,Ложь,6
256,ОбщественныйТранспорт,03.01.2016 3:46:02,03.01.2016 12:24:49,Ложь,7
257,Пешком,15.06.2027 3:27:25,15.06.2027 12:32:53,Ложь,9
258,Пешком,22.01.2020 3:57:49,23.01.2020 4:43:42,Ложь,3
259,Автомобиль,01.12.2019 3:40:33,02.12.2019 1:42:25,Ложь,8
260,ОбщественныйТранспорт,01.04.2003 4:32:36,01.04.2003 15:53:16,Истина,7
261,Велосипед,25.08.2006 3:52:04,25.08.2006 22:12:07,Ложь,7
262,Автомобиль,10.07.2024 5:23:08,11.07.2024 2:46:12,Ложь,2
263,Велосипед,27.06.2014 5:28:29,27.06.2014 23:59:31,Истина,3
264,ОбщественныйТранспорт,23.06.2009 4:55:44,23.06.2009 16:11:59,Ложь,4
265,Автомобиль,24.07.2017 3:46:52,24.07.2017 13:03:49,Ложь,8
266,Автомобиль,18.07.2016 5:00:43,18.07.2016 21:42:00,Ложь,1
267,Пешком,20.11.2016 4:05:02,20.11.2016 11:10:41,Ложь,1
268,Велосипед,08.10.2030 4:19:11,08.10.2030 14:15:43,Истина,2
269,Пешком,01.06.2010 4:04:58,02.06.2010 1:21:12,Истина,3
270,Пешком,27.05.2030 2:55:54,27.05.2030 8:42:05,Ложь,8
271,Велосипед,20.10.2015 4:06:47,20.10.2015 14:54:05,Истина,7
272,ОбщественныйТранспорт,22.06.2014 3:28:30,23.06.2014 4:14:16,Истина,5
273,Автомобиль,19.12.2013 3:19:19,19.12.2013 13:57:07,Ложь,10
274,Велосипед,20.01.2020 4:03:40,20.01.2020 10:18:15,Ложь,10
275,Пешком,12.08.2014 4:25:18,12.08.2014 12:36:52,Ложь,4
276,Автомобиль,10.03.2004 3:27:10,11.03.2004 0:29:02,Ложь,6
277,Велосипед,22.05.2007 4:45:53,22.05.2007 13:00:22,Истина,4
278,ОбщественныйТранспорт,03.01.2020 3:06:15,04.01.2020 0:20:37,Истина,10
279,Автомобиль,18.08.2006 5:08:10,18.08.2006 21:22:02,Ложь,6
280,Автомобиль,26.12.2027 5:25:23,27.12.2027 2:50:32,Ложь,1
281,ОбщественныйТранспорт,20.12.2011 4:38:49,20.12.2011 20:17:05,Истина,7
282,Автомобиль,06.10.2008 4:57:05,07.10.2008 0:28:48,Ложь,8
283,Велосипед,24.11.2024 3:39:15,24.11.2024 9:55:21,Ложь,2
284,Пешком,22.07.2007 4:05:45,22.07.2007 14:36:21,Истина,9
285,Велосипед,27.12.2017 5:21:38,27.12.2017 14:23:32,Истина,8
286,Велосипед,14.06.2019 3:28:49,15.06.2019 1:21:34,Ложь,5
287,Велосипед,14.04.2021 4:22:39,14.04.2021 22:35:14,Ложь,3
288,Пешком,02.11.2023 4:51:12,02.11.2023 19:45:41,Истина,4
289,Пешком,15.05.2008 3:56:20,15.05.2008 15:31:56,Ложь,7
290,Пешком,16.01.2009 4:39:01,16.01.2009 17:53:00,Истина,3
291,Автомобиль,17.09.2005 3:35:53,17.09.2005 20:47:02,Истина,9
292,Велосипед,05.02.2022 3:48:39,05.02.2022 17:18:44,Истина,8
293,Велосипед,23.12.2024 3:19:18,23.12.2024 20:23:38,Ложь,7
294,Пешком,19.03.2013 3:13:24,19.03.2013 18:45:54,Ложь,6
295,Автомобиль,02.11.2021 4:02:35,02.11.2021 21:39:45,Ложь,8
296,Велосипед,13.09.2011 4:32:20,13.09.2011 15:46:12,Истина,6
297,Автомобиль,03.05.2019 3:46:45,04.05.2019 3:42:05,Ложь,9
298,Автомобиль,09.09.2022 2:52:41,09.09.2022 8:51:14,Ложь,3
299,ОбщественныйТранспорт,02.02.2009 5:07:42,02.02.2009 23:35:36,Истина,4
300,ОбщественныйТранспорт,14.09.2013 4:32:55,15.09.2013 2:48:38,Ложь,2
301,Автомобиль,10.11.2008 3:25:46,10.11.2008 22:25:19,Истина,3
302,Велосипед,23.10.2000 3:12:16,23.10.2000 19:40:20,Истина,9
303,Пешком,21.11.2005 4:00:21,21.11.2005 9:40:50,Истина,8
304,Велосипед,27.05.2021 2:46:42,27.05.2021 14:07:12,Ложь,8
305,Автомобиль,20.12.2012 2:55:58,20.12.2012 20:27:03,Истина,5
306,Автомобиль,17.05.2021 5:25:43,17.05.2021 13:09:35,Ложь,10
307,ОбщественныйТранспорт,27.03.2023 4:56:57,27.03.2023 15:59:44,Ложь,3
308,Велосипед,20.03.2005 3:03:18,20.03.2005 16:14:29,Истина,7
309,Автомобиль,12.06.2000 4:52:26,13.06.2000 3:37:09,Ложь,9
310,Пешком,09.12.2018 3:56:31,10.12.2018 4:31:21,Ложь,9
311,Автомобиль,02.07.2009 3:52:29,02.07.2009 15:01:44,Истина,9
312,Велосипед,18.09.2003 4:52:42,18.09.2003 10:26:39,Ложь,10
313,Пешком,04.03.2013 5:12:28,04.03.2013 17:30:02,Истина,9
314,Автомобиль,13.06.2025 3:37:04,13.06.2025 23:07:54,Ложь,2
315,Пешком,17.09.2004 4:05:17,17.09.2004 11:09:04,Ложь,9
316,Автомобиль,14.02.2005 5:06:34,14.02.2005 21:19:12,Ложь,6
317,Автомобиль,22.11.2020 3:35:28,22.11.2020 19:59:28,Истина,2
318,Пешком,07.12.2015 2:46:44,07.12.2015 16:02:56,Истина,5
319,Велосипед,27.01.2027 5:13:05,27.01.2027 20:36:28,Истина,9
320,ОбщественныйТранспорт,24.01.2007 3:18:18,24.01.2007 10:23:51,Ложь,5
321,Автомобиль,25.12.2004 3:55:25,25.12.2004 13:58:32,Ложь,10
322,Велосипед,04.06.2028 3:49:33,04.06.2028 13:56:49,Ложь,7
323,Велосипед,20.01.2030 3:39:35,20.01.2030 13:29:39,Ложь,4
324,ОбщественныйТранспорт,21.10.2030 4:05:40,21.10.2030 15:48:04,Ложь,2
325,Велосипед,11.07.2009 2:50:03,11.07.2009 15:30:52,Ложь,8
326,Велосипед,26.11.2016 4:49:49,26.11.2016 15:11:39,Истина,7
327,Велосипед,16.07.2016 5:26:00,17.07.2016 4:21:42,Истина,9
328,Велосипед,09.07.2019 4:12:03,09.07.2019 22:59:00,Истина,10
329,Велосипед,26.12.2029 5:20:03,26.12.2029 23:22:39,Ложь,7
330,Автомобиль,07.02.2015 3:18:02,08.02.2015 0:33:08,Истина,9
331,Автомобиль,15.01.2023 4:15:43,15.01.2023 19:32:00,Истина,9
332,Велосипед,18.03.2026 4:14:07,18.03.2026 14:17:46,Истина,5
333,Автомобиль,18.04.2004 4:40:44,18.04.2004 12:37:20,Истина,5
334,ОбщественныйТранспорт,16.08.2029 5:03:51,16.08.2029 18:34:39,Истина,8
335,ОбщественныйТранспорт,28.11.2028 3:34:57,28.11.2028 9:10:38,Истина,10
336,Автомобиль,25.05.2021 4:08:30,25.05.2021 11:35:36,Истина,6
337,Автомобиль,23.08.2017 4:05:32,23.08.2017 16:28:05,Ложь,6
338,Велосипед,25.06.2003 4:44:58,25.06.2003 10:54:58,Истина,10
339,ОбщественныйТранспорт,09.02.2013 4:27:57,09.02.2013 15:03:28,Ложь,6
340,Велосипед,19.04.2008 3:44:38,20.04.2008 1:58:56,Ложь,9
341,ОбщественныйТранспорт,08.11.2020 5:21:56,09.11.2020 5:49:25,Ложь,8
342,Автомобиль,06.03.2024 3:39:11,07.03.2024 4:04:20,Истина,4
343,Велосипед,03.12.2010 5:23:55,03.12.2010 22:03:33,Истина,2
344,Пешком,18.04.2002 3:17:09,19.04.2002 2:35:31,Ложь,1
345,ОбщественныйТранспорт,06.03.2014 5:07:05,06.03.2014 19:14:55,Ложь,8
346,Пешком,01.02.2021 4:24:08,01.02.2021 15:19:00,Истина,7
347,Велосипед,16.12.2006 4:48:17,16.12.2006 13:00:25,Ложь,8
348,ОбщественныйТранспорт,14.02.2016 3:00:42,15.02.2016 2:55:36,Истина,7
349,Автомобиль,13.04.2014 3:51:32,13.04.2014 14:15:10,Истина,3
350,Пешком,01.02.2028 3:45:53,01.02.2028 16:56:51,Ложь,7
351,Велосипед,10.08.2003 3:41:32,10.08.2003 17:58:11,Ложь,5
352,ОбщественныйТранспорт,17.06.2008 3:03:08,17.06.2008 12:13:21,Истина,5
353,Пешком,04.04.2021 4:30:09,04.04.2021 18:34:02,Истина,6
354,Велосипед,11.10.2012 5:24:26,11.10.2012 13:09:38,Истина,5
355,ОбщественныйТранспорт,17.05.2005 4:27:59,17.05.2005 20:08:49,Ложь,4
356,Велосипед,20.04.2011 5:17:52,21.04.2011 3:06:59,Истина,5
357,Пешком,15.12.2011 4:06:15,16.12.2011 5:03:23,Ложь,6
358,Автомобиль,16.04.2001 4:27:37,17.04.2001 0:00:52,Истина,5
359,ОбщественныйТранспорт,13.10.2008 3:11:34,14.10.2008 2:15:14,Истина,7
360,ОбщественныйТранспорт,13.07.2008 4:46:39,13.07.2008 20:33:26,Ложь,6
361,Автомобиль,21.08.2025 3:11:59,22.08.2025 0:46:18,Ложь,1
362,Велосипед,19.12.2009 4:11:49,19.12.2009 19:56:47,Ложь,10
363,Автомобиль,25.08.2009 2:58:47,25.08.2009 18:29:53,Истина,1
364,Автомобиль,18.08.2004 5:09:57,19.08.2004 1:37:31,Ложь,1
365,Пешком,10.10.2021 3:54:49,10.10.2021 19:22:14,Ложь,7
366,Велосипед,17.05.2022 2:50:22,17.05.2022 16:28:07,Истина,4
367,ОбщественныйТранспорт,24.01.2022 4:03:05,24.01.2022 11:30:40,Истина,9
368,Пешком,13.11.2011 4:37:01,14.11.2011 3:56:19,Ложь,6
369,Автомобиль,08.01.2000 5:31:45,08.01.2000 15:05:43,Истина,6
370,ОбщественныйТранспорт,05.04.2025 4:36:47,06.04.2025 1:14:31,Истина,2
371,Пешком,22.04.2010 3:38:27,22.04.2010 18:22:55,Истина,3
372,Велосипед,26.04.2023 2:56:07,26.04.2023 21:38:46,Истина,1
373,Автомобиль,19.08.2002 3:28:53,20.08.2002 1:11:55,Ложь,2
374,Велосипед,16.04.2005 4:29:29,17.04.2005 1:25:12,Истина,1
375,ОбщественныйТранспорт,23.08.2021 3:47:52,23.08.2021 18:55:01,Ложь,1
376,Автомобиль,27.02.2002 3:43:31,27.02.2002 18:24:29,Ложь,9
377,Велосипед,03.05.2007 3:55:05,04.05.2007 2:50:02,Истина,5
378,Автомобиль,06.03.2007 2:50:31,06.03.2007 23:13:15,Ложь,10
379,ОбщественныйТранспорт,15.04.2023 4:19:53,16.04.2023 1:13:59,Истина,9
380,Пешком,06.03.2008 4:51:48,06.03.2008 20:04:01,Ложь,8
381,ОбщественныйТранспорт,06.05.2005 4:32:24,06.05.2005 20:34:22,Истина,3
382,Пешком,22.06.2008 5:14:14,22.06.2008 16:30:00,Ложь,10
383,Пешком,26.01.2017 5:09:32,26.01.2017 20:09:16,Ложь,7
384,Велосипед,16.08.2030 4:08:23,16.08.2030 12:27:21,Ложь,10
385,Велосипед,18.07.2022 5:08:55,18.07.2022 16:26:29,Истина,7
386,Автомобиль,22.08.2019 4:56:03,23.08.2019 4:26:34,Ложь,9
387,Автомобиль,19.03.2009 4:23:09,19.03.2009 23:12:51,Истина,3
388,Автомобиль,04.02.2017 3:32:36,04.02.2017 17:03:10,Ложь,6
389,Велосипед,23.11.2022 4:04:40,24.11.2022 2:30:41,Истина,4
390,Велосипед,28.11.2027 5:13:06,28.11.2027 14:51:06,Ложь,8
391,Велосипед,19.08.2027 3:44:45,20.08.2027 1:59:06,Ложь,8
392,Пешком,25.05.2005 2:46:54,25.05.2005 14:40:03,Истина,4
393,Пешком,23.11.2004 3:14:58,23.11.2004 12:06:34,Ложь,1
394,Пешком,09.01.2024 4:20:57,09.01.2024 13:04:20,Ложь,1
395,Пешком,20.12.2005 3:17:45,20.12.2005 20:29:49,Ложь,5
396,ОбщественныйТранспорт,15.06.2006 3:20:20,15.06.2006 23:00:10,Ложь,9
397,Автомобиль,27.12.2022 2:55:47,27.12.2022 17:45:08,Ложь,5
398,Пешком,17.02.2002 4:49:22,17.02.2002 12:39:45,Истина,10
399,Автомобиль,17.07.2002 3:36:21,17.07.2002 9:25:35,Ложь,9
400,ОбщественныйТранспорт,26.06.2021 3:01:56,26.06.2021 16:06:46,Истина,8
401,ОбщественныйТранспорт,26.09.2008 5:03:49,26.09.2008 23:55:11,Ложь,6
402,Пешком,16.04.2003 3:14:02,16.04.2003 16:31:13,Истина,8
403,Велосипед,15.01.2005 4:07:53,16.01.2005 2:16:59,Ложь,10
404,Автомобиль,28.07.2005 5:15:05,29.07.2005 5:41:01,Ложь,3
405,Автомобиль,01.09.2029 5:00:14,02.09.2029 4:28:55,Истина,3
406,ОбщественныйТранспорт,05.07.2012 3:13:36,05.07.2012 18:42:43,Ложь,4
407,Автомобиль,13.11.2025 4:44:48,13.11.2025 21:14:16,Истина,9
408,Пешком,28.06.2010 4:29:01,28.06.2010 11:48:31,Ложь,8
409,ОбщественныйТранспорт,05.11.2022 3:03:12,06.11.2022 3:10:53,Истина,1
410,Автомобиль,13.06.2026 2:52:48,13.06.2026 11:15:55,Ложь,8
411,Автомобиль,22.06.2020 4:21:28,22.06.2020 12:28:27,Истина,1
412,Автомобиль,19.11.2007 4:52:22,20.11.2007 5:38:52,Ложь,6
413,Велосипед,02.09.2021 4:40:40,02.09.2021 22:25:42,Истина,9
414,Велосипед,05.06.2018 4:37:47,05.06.2018 16:20:56,Ложь,8
415,Пешком,05.12.2028 4:32:26,05.12.2028 19:46:33,Ложь,9
416,Велосипед,07.01.2003 2:53:36,07.01.2003 21:32:55,Истина,6
417,ОбщественныйТранспорт,25.01.2030 4:07:51,25.01.2030 15:02:22,Ложь,8
418,Автомобиль,08.10.2022 4:13:19,08.10.2022 19:19:34,Ложь,9
419,Автомобиль,05.02.2030 2:50:06,05.02.2030 9:20:28,Ложь,8
420,Велосипед,19.07.2001 4:14:04,19.07.2001 13:37:35,Истина,4
421,Пешком,22.10.2011 5:07:20,22.10.2011 20:59:54,Ложь,4
422,Автомобиль,15.03.2008 3:06:34,16.03.2008 1:13:36,Ложь,7
423,Пешком,09.02.2024 3:04:30,10.02.2024 2:02:39,Истина,8
424,Автомобиль,08.05.2002 5:28:21,09.05.2002 1:52:08,Истина,5
425,Велосипед,16.04.2022 5:09:06,17.04.2022 3:12:50,Ложь,8
426,ОбщественныйТранспорт,21.11.2007 3:08:26,21.11.2007 22:42:08,Истина,1
427,Велосипед,12.07.2018 3:11:37,12.07.2018 13:43:31,Истина,3
428,Пешком,20.12.2026 3:39:02,21.12.2026 0:56:23,Ложь,1
429,Велосипед,26.06.2025 4:55:26,27.06.2025 5:04:07,Истина,5
430,ОбщественныйТранспорт,19.05.2022 3:48:50,19.05.2022 18:25:58,Ложь,9
431,Пешком,13.01.2004 4:58:47,13.01.2004 23:01:18,Ложь,5
432,Велосипед,19.10.2002 2:56:34,19.10.2002 21:24:15,Ложь,5
433,Автомобиль,22.09.2013 2:47:50,22.09.2013 14:45:57,Ложь,5
434,Пешком,26.11.2009 3:36:52,27.11.2009 4:19:17,Ложь,2
435,Автомобиль,28.02.2027 5:32:16,01.03.2027 5:30:45,Ложь,3
436,Автомобиль,25.09.2024 3:03:04,25.09.2024 11:46:34,Истина,3
437,Автомобиль,16.07.2027 2:53:50,16.07.2027 9:11:23,Истина,4
438,Автомобиль,19.10.2023 4:58:44,20.10.2023 5:13:52,Истина,2
439,ОбщественныйТранспорт,12.10.2017 2:54:47,12.10.2017 17:43:18,Истина,6
440,Автомобиль,11.11.2030 4:43:07,11.11.2030 10:59:45,Ложь,2
441,Велосипед,11.07.2015 3:55:33,11.07.2015 16:41:18,Истина,8
442,ОбщественныйТранспорт,21.09.2000 4:38:59,21.09.2000 22:39:02,Истина,5
443,Велосипед,08.12.2008 5:32:20,08.12.2008 11:09:24,Ложь,5
444,Автомобиль,16.10.2025 5:26:57,16.10.2025 18:17:22,Истина,9
445,Пешком,14.01.2011 3:58:38,15.01.2011 4:29:50,Истина,4
446,ОбщественныйТранспорт,04.03.2026 4:27:08,04.03.2026 22:53:54,Ложь,9
447,Пешком,01.03.2011 4:14:56,01.03.2011 13:04:03,Ложь,7
448,ОбщественныйТранспорт,08.11.2002 4:04:15,08.11.2002 22:16:54,Истина,10
449,Велосипед,21.02.2023 5:25:59,21.02.2023 21:45:09,Истина,6
450,Автомобиль,11.03.2020 3:54:53,11.03.2020 12:39:08,Ложь,10
451,ОбщественныйТранспорт,10.08.2030 5:21:14,10.08.2030 15:28:48,Ложь,6
452,Пешком,12.06.2004 3:16:10,12.06.2004 19:24:20,Истина,6
453,Автомобиль,22.01.2028 4:14:47,22.01.2028 11:32:46,Истина,2
454,Велосипед,28.06.2007 2:56:40,28.06.2007 13:08:49,Ложь,7
455,Автомобиль,21.01.2021 3:16:08,21.01.2021 9:25:47,Истина,10
456,ОбщественныйТранспорт,09.12.2017 5:27:04,09.12.2017 18:19:33,Ложь,1
457,ОбщественныйТранспорт,14.05.2025 3:49:20,14.05.2025 16:30:49,Ложь,6
458,Пешком,14.12.2011 5:29:12,15.12.2011 1:30:42,Истина,4
459,Велосипед,17.03.2009 3:30:47,17.03.2009 15:48:04,Истина,3
460,Пешком,20.05.2006 3:43:37,20.05.2006 14:28:47,Ложь,4
461,Автомобиль,17.04.2028 3:01:20,18.04.2028 0:30:09,Ложь,2
462,ОбщественныйТранспорт,01.04.2024 3:04:07,01.04.2024 13:46:27,Ложь,4
463,Велосипед,23.06.2025 3:57:36,23.06.2025 19:06:45,Ложь,9
464,ОбщественныйТранспорт,11.12.2001 4:28:43,11.12.2001 15:10:13,Истина,5
465,Велосипед,20.10.2009 5:18:52,20.10.2009 19:51:50,Ложь,9
466,Велосипед,20.03.2010 4:31:04,20.03.2010 21:17:21,Истина,7
467,Велосипед,17.11.2004 4:29:35,17.11.2004 22:03:55,Истина,5
468,ОбщественныйТранспорт,05.02.2000 3:22:58,06.02.2000 3:11:59,Истина,3
469,ОбщественныйТранспорт,02.08.2012 2:48:59,02.08.2012 15:18:56,Истина,10
470,Пешком,27.04.2023 4:28:34,28.04.2023 5:13:15,Ложь,3
471,Велосипед,04.03.2028 5:19:41,04.03.2028 12:13:05,Ложь,1
472,Автомобиль,16.02.2002 5:05:49,16.02.2002 18:05:16,Ложь,7
473,Пешком,13.02.2001 4:47:01,13.02.2001 14:07:01,Ложь,5
474,Пешком,02.03.2009 4:13:12,03.03.2009 4:07:27,Истина,3
475,Пешком,08.08.2012 4:15:33,09.08.2012 1:52:33,Истина,6
476,Автомобиль,08.05.2010 2:51:36,09.05.2010 3:21:50,Ложь,2
477,Автомобиль,07.07.2021 3:46:52,07.07.2021 16:48:07,Истина,5
478,ОбщественныйТранспорт,19.08.2002 5:11:32,19.08.2002 15:17:53,Ложь,6
479,Пешком,11.06.2017 3:41:44,12.06.2017 3:50:00,Ложь,8
480,ОбщественныйТранспорт,23.05.2003 4:02:40,24.05.2003 3:39:15,Истина,7
481,Автомобиль,17.10.2002 2:53:07,17.10.2002 15:09:10,Истина,7
482,Автомобиль,13.11.2017 4:44:56,13.11.2017 23:59:16,Ложь,6
483,Пешком,02.07.2017 3:47:30,03.07.2017 0:14:55,Ложь,10
484,Велосипед,03.12.2027 4:02:03,03.12.2027 18:33:10,Истина,5
485,Пешком,28.03.2005 5:05:29,29.03.2005 0:26:25,Истина,2
486,ОбщественныйТранспорт,23.09.2001 5:20:39,23.09.2001 21:18:01,Истина,2
487,Пешком,09.06.2001 4:39:25,09.06.2001 14:51:05,Ложь,7
488,Велосипед,22.01.2021 5:15:05,22.01.2021 17:12:12,Ложь,5
489,ОбщественныйТранспорт,15.07.2009 4:36:07,15.07.2009 19:09:45,Истина,10
490,Велосипед,15.07.2012 3:53:12,15.07.2012 23:35:46,Ложь,9
491,Велосипед,01.10.2008 3:07:29,02.10.2008 0:01:24,Истина,5
492,Велосипед,01.11.2012 3:32:59,01.11.2012 15:32:06,Ложь,7
493,Автомобиль,10.02.2030 4:33:05,10.02.2030 21:32:41,Ложь,2
494,Велосипед,15.09.2011 4:19:52,15.09.2011 10:10:42,Ложь,1
495,Автомобиль,22.04.2013 4:03:35,22.04.2013 13:27:51,Ложь,7
496,Автомобиль,18.09.2008 4:58:22,18.09.2008 13:03:09,Ложь,5
497,ОбщественныйТранспорт,11.03.2012 5:01:06,11.03.2012 17:53:16,Ложь,3
498,Автомобиль,16.02.2013 3:10:11,16.02.2013 23:57:55,Истина,8
499,Велосипед,22.03.2008 4:35:08,22.03.2008 14:13:50,Истина,6
500,Автомобиль,04.01.2005 2:52:49,04.01.2005 13:12:31,Ложь,1
501,ОбщественныйТранспорт,07.03.2019 4:29:11,07.03.2019 22:22:34,Истина,6
502,ОбщественныйТранспорт,21.07.2025 3:40:13,21.07.2025 16:30:53,Истина,9
503,Велосипед,25.11.2018 4:28:52,25.11.2018 22:47:21,Ложь,3
504,Пешком,11.04.2003 2:51:14,11.04.2003 12:32:51,Истина,8
505,ОбщественныйТранспорт,13.09.2012 5:20:07,13.09.2012 15:57:08,Истина,9
506,Автомобиль,06.08.2000 5:08:25,07.08.2000 5:13:53,Ложь,7
507,Пешком,14.10.2029 3:23:34,14.10.2029 16:35:52,Ложь,1
508,Велосипед,10.02.2005 4:50:58,11.02.2005 5:31:20,Ложь,9
509,Пешком,14.03.2012 3:47:15,14.03.2012 18:07:05,Ложь,8
510,Автомобиль,07.03.2019 3:29:16,07.03.2019 11:48:47,Истина,3
511,ОбщественныйТранспорт,03.02.2029 3:06:42,03.02.2029 9:45:03,Ложь,6
512,ОбщественныйТранспорт,21.04.2030 4:32:29,22.04.2030 2:04:19,Ложь,6
513,Пешком,22.06.2002 3:56:20,22.06.2002 21:48:03,Истина,1
514,Пешком,27.10.2013 3:43:15,27.10.2013 14:11:51,Истина,2
515,Велосипед,09.09.2007 3:27:41,09.09.2007 14:24:40,Истина,9
516,ОбщественныйТранспорт,04.07.2019 4:27:29,04.07.2019 15:23:44,Истина,7
517,Автомобиль,20.12.2024 4:56:49,20.12.2024 11:23:35,Истина,10
518,Автомобиль,06.11.2009 4:45:29,07.11.2009 5:32:44,Истина,2
519,Автомобиль,28.01.2023 3:43:54,28.01.2023 13:36:41,Ложь,2
520,ОбщественныйТранспорт,15.11.2012 4:54:01,15.11.2012 11:48:52,Ложь,4
521,Велосипед,01.10.2023 3:34:16,02.10.2023 2:08:07,Ложь,6
522,Велосипед,03.06.2025 3:21:34,03.06.2025 18:43:35,Ложь,9
523,Пешком,05.11.2012 5:30:50,06.11.2012 3:14:59,Истина,10
524,Велосипед,18.01.2026 5:16:21,18.01.2026 15:40:02,Истина,7
525,Автомобиль,09.10.2007 5:21:40,09.10.2007 21:32:02,Истина,2
526,Пешком,10.04.2019 2:52:03,11.04.2019 0:35:32,Ложь,4
527,ОбщественныйТранспорт,07.03.2024 3:15:51,07.03.2024 20:33:31,Ложь,5
528,ОбщественныйТранспорт,27.05.2020 4:15:11,27.05.2020 23:00:31,Истина,4
529,Пешком,17.09.2029 5:04:08,17.09.2029 13:24:30,Ложь,9
530,Пешком,11.12.2005 4:08:04,11.12.2005 14:43:44,Истина,7
531,Автомобиль,01.11.2029 4:51:46,02.11.2029 4:00:09,Истина,6
532,ОбщественныйТранспорт,06.10.2007 4:04:09,06.10.2007 9:40:14,Ложь,3
533,ОбщественныйТранспорт,11.07.2014 4:09:32,11.07.2014 14:29:57,Ложь,5
534,Пешком,06.08.2020 3:26:52,06.08.2020 17:47:16,Ложь,6
535,ОбщественныйТранспорт,10.05.2006 2:51:28,10.05.2006 12:36:21,Истина,2
536,Велосипед,01.05.2019 3:59:53,01.05.2019 19:53:12,Ложь,3
537,Пешком,15.10.2005 2:55:58,15.10.2005 15:08:13,Ложь,10
538,ОбщественныйТранспорт,07.07.2000 4:40:14,07.07.2000 13:09:25,Ложь,5
539,Автомобиль,10.04.2019 5:26:36,10.04.2019 19:09:15,Ложь,2
540,Пешком,10.12.2014 3:03:03,11.12.2014 0:12:04,Истина,5
541,Пешком,13.02.2027 5:13:20,13.02.2027 14:35:51,Истина,8
542,Пешком,20.02.2006 4:09:53,20.02.2006 11:20:03,Истина,3
543,Пешком,25.05.2022 4:52:13,25.05.2022 23:24:28,Истина,5
544,ОбщественныйТранспорт,03.09.2007 2:52:32,03.09.2007 12:20:40,Ложь,2
545,ОбщественныйТранспорт,27.10.2007 4:14:53,28.10.2007 3:21:33,Истина,8
546,Пешком,05.05.2027 4:37:59,05.05.2027 11:38:53,Истина,7
547,Велосипед,18.09.2009 4:40:39,18.09.2009 18:59:49,Ложь,8
548,Велосипед,25.12.2022 4:19:07,25.12.2022 19:35:46,Ложь,10
549,Велосипед,10.08.2008 4:13:00,10.08.2008 20:41:53,Ложь,10
550,ОбщественныйТранспорт,25.06.2003 4:55:44,25.06.2003 17:58:48,Ложь,5
551,Пешком,13.07.2005 4:52:43,13.07.2005 21:44:56,Истина,7
552,Автомобиль,20.01.2003 4:30:47,21.01.2003 0:33:51,Ложь,3
553,Пешком,22.04.2024 4:22:18,22.04.2024 22:07:36,Ложь,5
554,Пешком,27.08.2027 4:44:10,27.08.2027 14:07:06,Истина,6
555,Пешком,17.11.2021 4:38:49,18.11.2021 4:16:18,Ложь,1
556,Пешком,04.11.2003 3:20:22,04.11.2003 15:59:13,Ложь,9
557,Велосипед,28.08.2010 4:27:27,28.08.2010 19:18:56,Ложь,2
558,ОбщественныйТранспорт,26.06.2023 4:27:39,26.06.2023 13:52:59,Ложь,4
559,ОбщественныйТранспорт,17.05.2001 4:10:14,18.05.2001 1:45:38,Истина,7
560,Велосипед,01.02.2024 5:21:34,01.02.2024 18:47:16,Ложь,1
561,Пешком,14.01.2010 5:24:21,14.01.2010 21:22:19,Ложь,10
562,Автомобиль,25.07.2023 5:21:17,25.07.2023 19:57:07,Ложь,8
563,ОбщественныйТранспорт,02.03.2021 3:00:58,02.03.2021 16:43:06,Ложь,10
564,Велосипед,27.11.2030 4:36:27,27.11.2030 21:27:14,Истина,10
565,Велосипед,17.07.2010 3:42:43,17.07.2010 18:30:31,Ложь,5
566,ОбщественныйТранспорт,21.06.2019 3:18:41,22.06.2019 1:38:56,Истина,4
567,Автомобиль,20.08.2012 4:12:28,20.08.2012 13:44:34,Истина,1
568,ОбщественныйТранспорт,17.08.2029 3:55:26,18.08.2029 4:15:12,Истина,9
569,Велосипед,26.06.2018 3:29:53,26.06.2018 16:59:30,Истина,10
570,Пешком,02.07.2021 3:44:04,02.07.2021 18:26:54,Ложь,8
571,Пешком,14.04.2010 3:37:58,14.04.2010 11:51:39,Ложь,5
572,Велосипед,28.06.2024 2:58:14,28.06.2024 14:52:28,Истина,2
573,Пешком,07.06.2020 3:11:02,07.06.2020 12:29:45,Истина,2
574,Автомобиль,16.06.2009 3:45:48,16.06.2009 16:32:19,Истина,7
575,Автомобиль,16.12.2012 4:44:50,16.12.2012 17:15:12,Ложь,5
576,Велосипед,18.06.2007 2:56:22,18.06.2007 22:13:35,Истина,8
577,Велосипед,08.07.2025 4:31:41,08.07.2025 23:29:57,Истина,9
578,ОбщественныйТранспорт,19.09.2005 4:45:47,19.09.2005 19:30:36,Истина,6
579,Пешком,20.09.2002 3:53:28,20.09.2002 9:31:35,Ложь,6
580,Автомобиль,25.11.2029 5:16:05,26.11.2029 0:29:23,Истина,7
581,Автомобиль,17.07.2006 3:13:24,17.07.2006 16:18:41,Истина,3
582,Автомобиль,03.10.2008 5:01:10,03.10.2008 19:06:00,Ложь,5
583,ОбщественныйТранспорт,25.08.2016 4:27:11,25.08.2016 20:56:29,Ложь,5
584,Пешком,20.02.2015 4:00:30,21.02.2015 1:34:13,Ложь,10
585,Велосипед,25.01.2009 3:26:46,25.01.2009 19:41:27,Истина,7
586,Автомобиль,27.01.2030 3:57:03,27.01.2030 18:13:40,Ложь,8
587,ОбщественныйТранспорт,21.05.2002 3:17:17,22.05.2002 0:15:50,Истина,10
588,Велосипед,18.04.2006 2:58:41,18.04.2006 13:13:56,Истина,5
589,Велосипед,21.11.2000 4:31:53,21.11.2000 13:40:12,Истина,5
590,Автомобиль,17.11.2003 3:12:03,18.11.2003 0:32:32,Ложь,3
591,Пешком,03.09.2003 5:11:27,04.09.2003 6:02:07,Истина,4
592,Пешком,23.10.2025 3:47:49,23.10.2025 11:43:32,Ложь,7
593,ОбщественныйТранспорт,15.05.2014 3:24:39,15.05.2014 18:08:00,Ложь,7
594,Пешком,26.12.2025 4:14:54,27.12.2025 4:10:05,Истина,10
595,Велосипед,12.12.2025 3:42:35,13.12.2025 3:39:54,Истина,7
596,Велосипед,08.05.2018 3:45:59,09.05.2018 2:03:08,Ложь,1
597,Велосипед,24.12.2022 3:04:28,24.12.2022 14:23:06,Истина,5
598,Автомобиль,24.02.2018 4:08:18,24.02.2018 12:44:58,Ложь,6
599,Велосипед,06.04.2020 4:44:23,06.04.2020 20:57:55,Истина,2
600,Велосипед,27.07.2016 3:19:35,27.07.2016 21:34:14,Ложь,7
601,ОбщественныйТранспорт,23.05.2000 3:33:56,24.05.2000 1:36:25,Истина,5
602,ОбщественныйТранспорт,14.10.2022 4:09:21,15.10.2022 2:02:55,Истина,2
603,Автомобиль,18.04.2006 3:27:45,18.04.2006 9:47:25,Ложь,3
604,ОбщественныйТранспорт,09.06.2004 4:01:31,09.06.2004 23:38:19,Ложь,3
605,Велосипед,23.11.2022 4:07:29,23.11.2022 16:25:14,Ложь,3
606,Велосипед,07.01.2003 4:16:04,08.01.2003 4:05:56,Истина,6
607,Пешком,26.05.2027 3:12:37,26.05.2027 9:01:51,Истина,9
608,Пешком,09.03.2029 4:55:53,09.03.2029 10:47:58,Истина,10
609,ОбщественныйТранспорт,02.02.2024 4:44:11,02.02.2024 15:52:42,Истина,5
610,ОбщественныйТранспорт,09.02.2016 3:15:14,09.02.2016 20:56:21,Ложь,8
611,Пешком,20.07.2030 4:14:00,20.07.2030 21:28:17,Ложь,9
612,Велосипед,20.04.2000 3:25:41,21.04.2000 2:34:00,Истина,5
613,Автомобиль,04.11.2025 5:02:17,04.11.2025 14:31:34,Истина,2
614,ОбщественныйТранспорт,13.07.2020 4:40:02,14.07.2020 4:50:20,Истина,9
615,ОбщественныйТранспорт,15.08.2019 3:14:46,16.08.2019 1:02:19,Истина,5
616,Пешком,22.07.2019 3:33:57,22.07.2019 16:09:58,Ложь,1
617,Автомобиль,16.09.2009 5:04:21,16.09.2009 13:26:50,Ложь,6
618,Пешком,06.07.2012 3:28:38,06.07.2012 13:42:00,Ложь,1
619,Пешком,16.07.2028 5:01:15,16.07.2028 14:03:29,Истина,8
620,Пешком,21.06.2000 2:46:43,21.06.2000 19:40:01,Ложь,7
621,ОбщественныйТранспорт,26.04.2029 3:38:32,27.04.2029 1:26:53,Ложь,10
622,ОбщественныйТранспорт,02.04.2020 3:12:33,02.04.2020 9:36:35,Ложь,2
623,Автомобиль,17.10.2005 4:53:59,17.10.2005 23:27:15,Ложь,10
624,Автомобиль,12.10.2010 3:16:30,12.10.2010 14:20:02,Истина,2
625,ОбщественныйТранспорт,09.11.2014 4:12:12,09.11.2014 11:06:38,Истина,8
626,Пешком,09.02.2023 3:52:37,09.02.2023 17:10:32,Ложь,7
627,ОбщественныйТранспорт,21.09.2013 4:21:19,21.09.2013 17:34:12,Истина,3
628,Пешком,13.09.2011 3:04:56,13.09.2011 19:59:09,Ложь,2
629,Автомобиль,21.08.2002 3:40:55,21.08.2002 11:41:30,Истина,4
630,Автомобиль,27.03.2022 4:56:37,27.03.2022 22:08:23,Ложь,2
631,Велосипед,05.02.2001 4:03:12,06.02.2001 2:27:05,Истина,7
632,Пешком,20.08.2000 2:56:04,21.08.2000 3:20:58,Ложь,9
633,Автомобиль,06.01.2005 5:32:03,06.01.2005 14:39:21,Ложь,4
634,ОбщественныйТранспорт,15.01.2013 2:50:30,15.01.2013 14:03:36,Ложь,7
635,Велосипед,04.01.2009 5:28:58,04.01.2009 18:09:43,Истина,5
636,Пешком,22.08.2006 3:50:25,22.08.2006 19:23:41,Ложь,6
637,Велосипед,02.11.2018 4:40:03,02.11.2018 13:32:19,Истина,1
638,Пешком,27.12.2029 4:20:33,28.12.2029 1:37:01,Истина,4
639,Пешком,03.03.2021 3:26:50,03.03.2021 17:33:41,Ложь,2
640,ОбщественныйТранспорт,14.10.2001 3:15:33,15.10.2001 2:29:46,Истина,3
641,Пешком,19.10.2009 3:57:31,19.10.2009 19:37:36,Истина,6
642,Велосипед,18.02.2004 3:11:27,18.02.2004 13:25:28,Истина,4
643,Автомобиль,25.01.2020 2:54:10,25.01.2020 18:58:51,Ложь,1
644,ОбщественныйТранспорт,21.04.2012 3:11:13,22.04.2012 0:20:17,Истина,3
645,Велосипед,02.12.2026 4:19:18,02.12.2026 14:10:30,Ложь,5
646,Велосипед,03.01.2023 4:31:19,03.01.2023 17:05:14,Истина,4
647,Велосипед,18.04.2012 4:39:59,18.04.2012 18:10:34,Истина,6
648,Автомобиль,20.03.2029 4:31:55,20.03.2029 18:57:58,Ложь,5
649,ОбщественныйТранспорт,04.03.2006 3:16:14,05.03.2006 3:26:38,Ложь,10
650,Велосипед,25.07.2020 2:53:29,25.07.2020 12:36:16,Истина,7
651,Пешком,04.10.2014 3:10:07,05.10.2014 1:42:58,Истина,3
652,Автомобиль,19.10.2026 3:51:08,19.10.2026 12:18:07,Ложь,6
653,Велосипед,05.11.2005 3:24:46,05.11.2005 10:59:27,Истина,3
654,ОбщественныйТранспорт,13.03.2024 5:30:20,14.03.2024 6:19:38,Истина,9
655,ОбщественныйТранспорт,11.04.2015 4:11:55,11.04.2015 10:53:57,Истина,8
656,Велосипед,03.12.2027 3:25:31,03.12.2027 23:05:55,Ложь,9
657,ОбщественныйТранспорт,20.09.2021 2:56:45,21.09.2021 2:35:13,Истина,9
658,Пешком,03.10.2014 5:26:58,03.10.2014 20:35:09,Ложь,2
659,Пешком,05.01.2030 4:36:11,05.01.2030 15:26:20,Ложь,9
660,Автомобиль,05.12.2004 4:26:58,05.12.2004 16:10:33,Ложь,4
661,Велосипед,12.04.2010 4:18:15,12.04.2010 20:54:20,Ложь,1
662,Автомобиль,23.01.2008 4:36:23,24.01.2008 3:53:02,Ложь,10
663,Пешком,01.12.2026 4:08:17,01.12.2026 22:49:50,Ложь,1
664,Пешком,09.03.2017 5:07:11,09.03.2017 22:13:37,Ложь,7
665,Автомобиль,18.09.2029 3:55:43,18.09.2029 23:49:02,Истина,8
666,Пешком,04.03.2015 4:51:30,05.03.2015 3:16:03,Ложь,1
667,Пешком,06.11.2003 3:24:39,07.11.2003 1:33:30,Истина,1
668,Автомобиль,14.08.2015 3:19:19,14.08.2015 23:44:50,Ложь,4
669,Автомобиль,27.11.2009 3:24:18,27.11.2009 19:40:37,Истина,1
670,Пешком,17.06.2019 5:25:10,18.06.2019 1:23:14,Истина,1
671,Пешком,10.10.2021 4:56:38,10.10.2021 14:02:29,Истина,1
672,Велосипед,16.09.2008 3:56:41,16.09.2008 11:00:11,Ложь,5
673,Автомобиль,14.06.2001 4:46:37,14.06.2001 13:30:29,Истина,2
674,Пешком,18.03.2026 3:39:29,18.03.2026 21:51:16,Ложь,10
675,ОбщественныйТранспорт,14.10.2019 5:03:14,14.10.2019 16:06:20,Истина,10
676,ОбщественныйТранспорт,19.08.2013 2:47:31,19.08.2013 13:58:49,Ложь,6
677,ОбщественныйТранспорт,04.12.2007 3:17:22,04.12.2007 18:09:01,Истина,3
678,Велосипед,11.01.2025 5:27:54,11.01.2025 12:28:11,Ложь,10
679,ОбщественныйТранспорт,07.02.2021 4:58:01,07.02.2021 12:40:20,Истина,7
680,Автомобиль,12.03.2025 4:20:05,12.03.2025 14:45:07,Ложь,5
681,Пешком,16.11.2007 3:50:52,16.11.2007 11:32:49,Ложь,8
682,ОбщественныйТранспорт,09.05.2025 3:09:20,09.05.2025 17:29:37,Истина,1
683,Пешком,25.10.2022 4:58:15,25.10.2022 12:53:50,Ложь,9
684,Велосипед,02.09.2005 4:27:09,02.09.2005 13:21:20,Истина,10
685,ОбщественныйТранспорт,19.05.2007 3:22:03,19.05.2007 13:48:35,Истина,10
686,Пешком,20.12.2012 4:17:30,20.12.2012 11:05:42,Ложь,5
687,ОбщественныйТранспорт,06.11.2010 4:37:21,06.11.2010 22:48:25,Ложь,8
688,Велосипед,14.09.2005 2:59:01,14.09.2005 14:18:08,Ложь,2
689,Автомобиль,03.03.2015 4:35:10,04.03.2015 5:24:25,Истина,9
690,ОбщественныйТранспорт,05.11.2009 4:58:11,05.11.2009 22:17:07,Ложь,10
691,ОбщественныйТранспорт,21.09.2001 3:50:16,21.09.2001 12:30:13,Истина,1
692,Пешком,13.08.2026 4:17:33,13.08.2026 20:41:21,Истина,10
693,Пешком,22.10.2029 3:10:45,22.10.2029 22:51:58,Ложь,3
694,Пешком,26.01.2021 4:12:01,26.01.2021 11:48:07,Ложь,7
695,ОбщественныйТранспорт,21.04.2007 3:44:12,22.04.2007 4:31:22,Ложь,9
696,ОбщественныйТранспорт,13.02.2022 5:02:40,13.02.2022 23:36:05,Ложь,6
697,Велосипед,09.09.2017 3:36:12,09.09.2017 20:19:11,Ложь,1
698,ОбщественныйТранспорт,13.03.2030 2:54:05,13.03.2030 12:51:55,Ложь,5
699,Автомобиль,03.05.2029 5:05:50,03.05.2029 18:34:40,Ложь,1
700,ОбщественныйТранспорт,03.06.2002 3:54:49,03.06.2002 16:43:40,Ложь,2
701,ОбщественныйТранспорт,04.08.2007 3:53:53,04.08.2007 17:22:18,Ложь,1
702,Велосипед,18.09.2007 5:19:34,19.09.2007 1:37:20,Истина,4
703,Автомобиль,27.09.2001 3:01:15,27.09.2001 17:08:56,Истина,10
704,Пешком,13.03.2015 3:17:04,13.03.2015 10:29:27,Ложь,5
705,Велосипед,21.01.2026 5:18:20,21.01.2026 17:09:16,Ложь,2
706,Пешком,23.08.2012 3:13:27,23.08.2012 20:59:11,Ложь,1
707,ОбщественныйТранспорт,09.03.2001 5:11:12,09.03.2001 17:58:47,Истина,3
708,Велосипед,28.12.2012 5:08:42,28.12.2012 16:40:50,Истина,3
709,Пешком,14.06.2001 4:03:08,14.06.2001 15:14:27,Истина,3
710,ОбщественныйТранспорт,27.05.2019 3:58:54,28.05.2019 2:18:35,Ложь,1
711,Велосипед,05.11.2020 4:15:55,06.11.2020 4:51:25,Ложь,1
712,Пешком,26.09.2001 4:55:00,27.09.2001 1:09:57,Ложь,1
713,ОбщественныйТранспорт,08.02.2005 4:59:39,08.02.2005 14:20:38,Истина,2
714,Велосипед,15.12.2000 2:49:41,15.12.2000 23:45:24,Ложь,2
715,Пешком,04.08.2013 3:07:28,04.08.2013 12:56:16,Истина,9
716,Пешком,01.07.2004 5:32:46,02.07.2004 0:40:50,Ложь,2
717,Пешком,25.01.2015 3:28:42,25.01.2015 17:17:38,Истина,1
718,ОбщественныйТранспорт,14.09.2029 5:07:33,14.09.2029 17:24:19,Истина,5
719,ОбщественныйТранспорт,24.03.2022 3:36:18,24.03.2022 18:37:18,Ложь,3
720,ОбщественныйТранспорт,19.12.2017 4:55:54,19.12.2017 19:12:21,Истина,6
721,Автомобиль,09.12.2020 4:32:35,09.12.2020 11:52:01,Истина,4
722,Пешком,17.09.2025 3:39:45,17.09.2025 18:17:26,Истина,7
723,Автомобиль,16.11.2010 3:31:35,16.11.2010 11:45:00,Ложь,10
724,Автомобиль,07.12.2006 3:25:13,07.12.2006 12:25:58,Ложь,7
725,Пешком,02.06.2002 4:52:30,03.06.2002 0:04:40,Ложь,8
726,Автомобиль,28.11.2022 5:03:55,28.11.2022 17:27:18,Истина,8
727,Автомобиль,23.12.2020 3:52:36,23.12.2020 17:29:38,Истина,8
728,Пешком,07.08.2007 4:12:20,07.08.2007 10:13:40,Истина,1
729,Велосипед,09.10.2019 2:55:16,09.10.2019 14:44:30,Ложь,2
730,Велосипед,25.04.2008 4:42:18,25.04.2008 16:04:26,Истина,8
731,Велосипед,07.10.2028 3:19:02,08.10.2028 2:12:35,Ложь,7
732,Велосипед,16.01.2016 4:49:58,16.01.2016 14:28:47,Истина,8
733,Автомобиль,26.11.2022 4:41:45,26.11.2022 19:57:00,Истина,5
734,Пешком,23.04.2026 3:53:17,23.04.2026 13:53:56,Истина,10
735,Велосипед,02.02.2008 4:29:05,02.02.2008 16:06:36,Ложь,8
736,Велосипед,20.08.2029 4:08:58,20.08.2029 21:29:45,Ложь,4
737,Автомобиль,12.03.2028 3:10:08,12.03.2028 13:37:23,Истина,4
738,Пешком,03.11.2007 3:20:47,04.11.2007 2:36:32,Ложь,9
739,Пешком,18.10.2030 5:27:25,19.10.2030 5:17:20,Ложь,9
740,ОбщественныйТранспорт,26.01.2020 5:26:51,26.01.2020 18:38:45,Ложь,6
741,Пешком,07.01.2007 4:28:19,07.01.2007 17:44:02,Истина,4
742,Пешком,28.12.2012 5:00:47,29.12.2012 1:34:40,Истина,8
743,Велосипед,09.06.2010 3:09:08,09.06.2010 15:32:51,Ложь,2
744,Автомобиль,28.02.2028 3:35:39,28.02.2028 20:02:16,Истина,4
745,ОбщественныйТранспорт,25.01.2020 3:30:46,25.01.2020 16:40:22,Ложь,6
746,Автомобиль,15.05.2028 3:05:34,15.05.2028 19:45:30,Истина,7
747,Пешком,02.10.2010 3:32:51,02.10.2010 10:11:59,Ложь,2
748,ОбщественныйТранспорт,26.09.2029 2:55:27,26.09.2029 22:21:54,Ложь,8
749,Пешком,13.01.2028 3:39:40,13.01.2028 17:07:09,Ложь,7
750,Велосипед,19.03.2018 5:14:17,19.03.2018 15:06:39,Ложь,7
751,Автомобиль,25.12.2024 5:22:40,25.12.2024 19:20:00,Истина,10
752,Пешком,22.11.2022 4:02:34,22.11.2022 12:01:33,Истина,10
753,Пешком,11.09.2009 4:13:27,11.09.2009 21:46:18,Истина,5
754,Автомобиль,08.12.2026 5:30:33,08.12.2026 14:32:16,Ложь,3
755,Автомобиль,19.05.2014 5:09:36,19.05.2014 12:08:37,Истина,2
756,Велосипед,02.07.2010 5:23:48,02.07.2010 23:28:30,Ложь,3
757,Автомобиль,27.07.2004 5:04:22,27.07.2004 18:10:20,Ложь,6
758,Автомобиль,14.11.2005 3:14:00,14.11.2005 13:01:52,Ложь,7
759,ОбщественныйТранспорт,07.02.2012 4:28:31,07.02.2012 10:57:31,Истина,4
760,Пешком,09.03.2013 4:48:31,09.03.2013 11:32:10,Истина,8
761,Велосипед,21.01.2017 2:56:27,21.01.2017 22:22:56,Истина,6
762,Пешком,18.09.2024 4:35:51,19.09.2024 3:03:36,Истина,4
763,Велосипед,09.11.2018 5:15:11,09.11.2018 18:02:41,Истина,9
764,ОбщественныйТранспорт,20.01.2013 4:42:23,21.01.2013 3:19:05,Ложь,1
765,Автомобиль,13.11.2005 5:18:53,14.11.2005 3:15:35,Истина,2
766,Автомобиль,21.02.2026 5:24:22,21.02.2026 14:21:09,Истина,3
767,Велосипед,26.09.2020 3:26:39,26.09.2020 15:09:38,Истина,5
768,Автомобиль,05.02.2006 4:38:10,05.02.2006 14:01:33,Истина,9
769,Автомобиль,20.11.2003 5:26:21,20.11.2003 17:20:52,Ложь,6
770,Пешком,01.04.2006 3:13:33,01.04.2006 22:21:47,Истина,3
771,Велосипед,11.12.2001 4:41:12,11.12.2001 11:41:06,Истина,3
772,Пешком,01.01.2005 4:37:40,01.01.2005 19:11:58,Истина,9
773,ОбщественныйТранспорт,19.09.2028 3:14:03,19.09.2028 21:10:38,Ложь,6
774,Пешком,09.02.2003 2:59:19,09.02.2003 21:39:06,Истина,6
775,Пешком,14.04.2018 4:55:41,14.04.2018 20:30:11,Истина,9
776,Автомобиль,04.04.2006 3:49:55,05.04.2006 2:43:02,Истина,1
777,Автомобиль,01.02.2006 3:56:47,01.02.2006 21:31:37,Ложь,1
778,ОбщественныйТранспорт,18.06.2001 5:06:00,19.06.2001 5:20:06,Истина,10
779,Пешком,15.03.2019 4:42:26,16.03.2019 1:07:59,Истина,8
780,ОбщественныйТранспорт,12.07.2023 4:08:11,12.07.2023 17:55:15,Истина,10
781,Велосипед,20.06.2011 3:42:45,21.06.2011 1:58:09,Истина,4
782,ОбщественныйТранспорт,03.07.2010 3:58:46,03.07.2010 17:36:24,Истина,8
783,Автомобиль,19.06.2006 4:45:10,20.06.2006 2:01:44,Ложь,8
784,ОбщественныйТранспорт,12.11.2015 5:23:22,13.11.2015 2:25:33,Ложь,5
785,ОбщественныйТранспорт,21.06.2002 4:43:54,21.06.2002 19:46:09,Ложь,5
786,Автомобиль,07.06.2026 4:19:49,07.06.2026 10:16:30,Истина,5
787,ОбщественныйТранспорт,02.06.2015 4:43:21,03.06.2015 2:58:36,Ложь,4
788,ОбщественныйТранспорт,26.07.2003 3:35:33,26.07.2003 12:12:33,Ложь,8
789,Автомобиль,19.08.2022 4:45:55,19.08.2022 20:48:23,Истина,5
790,Пешком,26.05.2011 3:37:05,26.05.2011 19:26:10,Ложь,7
791,ОбщественныйТранспорт,12.05.2019 2:58:00,12.05.2019 20:04:43,Ложь,5
792,Автомобиль,26.01.2023 3:36:51,27.01.2023 3:14:35,Ложь,9
793,Автомобиль,09.02.2021 4:54:26,09.02.2021 11:36:26,Ложь,3
794,ОбщественныйТранспорт,21.07.2023 3:51:29,21.07.2023 15:09:25,Ложь,10
795,Пешком,01.08.2010 4:01:21,01.08.2010 13:25:04,Истина,5
796,Автомобиль,27.10.2008 4:53:46,27.10.2008 18:46:18,Ложь,5
797,Велосипед,24.07.2030 3:53:05,24.07.2030 18:43:46,Истина,6
798,Велосипед,22.11.2025 2:51:26,22.11.2025 11:14:42,Истина,4
799,Велосипед,20.12.2005 3:56:15,20.12.2005 18:20:55,Истина,10
800,Автомобиль,28.09.2023 3:57:31,28.09.2023 19:28:31,Истина,6
801,ОбщественныйТранспорт,02.06.2030 3:55:17,03.06.2030 4:02:35,Ложь,8
802,ОбщественныйТранспорт,16.11.2014 2:52:19,16.11.2014 15:16:31,Ложь,6
803,ОбщественныйТранспорт,16.06.2025 4:08:07,16.06.2025 14:50:05,Ложь,5
804,ОбщественныйТранспорт,10.08.2004 5:14:16,10.08.2004 15:50:54,Истина,1
805,Пешком,12.07.2011 5:31:41,12.07.2011 21:54:32,Истина,9
806,Автомобиль,05.09.2012 4:09:26,05.09.2012 22:23:51,Ложь,6
807,ОбщественныйТранспорт,16.09.2016 3:09:01,16.09.2016 20:31:12,Истина,2
808,Автомобиль,06.09.2013 5:19:45,07.09.2013 3:38:48,Ложь,9
809,Автомобиль,07.10.2014 3:10:10,07.10.2014 17:52:29,Ложь,5
810,ОбщественныйТранспорт,28.04.2025 3:10:28,28.04.2025 22:26:12,Истина,4
811,Велосипед,05.04.2029 4:43:51,06.04.2029 1:23:54,Ложь,3
812,Велосипед,20.04.2008 4:44:50,21.04.2008 3:09:19,Ложь,3
813,Велосипед,07.02.2000 3:37:57,07.02.2000 18:49:49,Ложь,8
814,Автомобиль,10.11.2007 3:51:21,11.11.2007 1:20:15,Ложь,9
815,Автомобиль,02.04.2026 4:38:02,02.04.2026 23:45:19,Истина,1
816,Пешком,12.10.2016 4:29:56,12.10.2016 13:10:14,Ложь,10
817,Велосипед,01.01.2022 3:22:13,01.01.2022 11:26:42,Ложь,4
818,Автомобиль,02.01.2019 3:00:26,02.01.2019 22:42:37,Истина,7
819,Пешком,24.11.2029 3:47:38,25.11.2029 1:26:22,Ложь,8
820,ОбщественныйТранспорт,16.01.2019 3:29:43,17.01.2019 2:28:03,Ложь,9
821,ОбщественныйТранспорт,18.03.2001 4:25:27,18.03.2001 23:17:46,Ложь,5
822,Пешком,20.08.2006 5:15:48,21.08.2006 0:27:22,Ложь,9
823,Пешком,20.06.2005 4:34:20,20.06.2005 20:38:29,Истина,9
824,Пешком,17.10.2010 4:39:05,17.10.2010 21:02:56,Истина,2
825,ОбщественныйТранспорт,19.09.2026 3:53:49,19.09.2026 18:47:32,Истина,4
826,Велосипед,27.05.2022 5:27:47,27.05.2022 16:52:26,Ложь,3
827,Автомобиль,17.12.2008 4:54:29,17.12.2008 21:39:05,Истина,6
828,Пешком,11.01.2005 5:31:56,11.01.2005 21:09:56,Истина,1
829,Пешком,28.03.2024 4:00:43,29.03.2024 0:17:35,Истина,7
830,Велосипед,01.05.2012 2:52:30,01.05.2012 16:18:05,Истина,2
831,Автомобиль,22.09.2019 3:48:08,23.09.2019 3:22:08,Ложь,4
832,Пешком,08.01.2022 4:42:36,09.01.2022 5:39:04,Ложь,4
833,ОбщественныйТранспорт,05.08.2005 4:19:54,05.08.2005 13:04:22,Ложь,6
834,Велосипед,14.08.2014 3:34:40,14.08.2014 13:42:21,Ложь,9
835,ОбщественныйТранспорт,14.09.2001 3:13:27,15.09.2001 4:05:35,Ложь,2
836,Велосипед,20.12.2025 5:31:01,20.12.2025 20:13:55,Ложь,3
837,Пешком,13.08.2006 3:50:50,13.08.2006 18:35:53,Истина,3
838,Пешком,05.09.2006 4:58:41,05.09.2006 13:39:31,Ложь,10
839,Велосипед,18.01.2022 3:01:58,19.01.2022 1:37:25,Истина,10
840,Автомобиль,04.04.2027 3:58:10,04.04.2027 11:23:36,Ложь,8
841,ОбщественныйТранспорт,28.12.2014 3:27:59,28.12.2014 13:44:15,Ложь,6
842,ОбщественныйТранспорт,08.07.2026 3:38:36,08.07.2026 9:59:53,Истина,2
843,ОбщественныйТранспорт,22.04.2001 4:03:24,23.04.2001 0:41:44,Истина,1
844,Пешком,10.10.2020 3:55:30,10.10.2020 13:17:57,Ложь,4
845,Пешком,23.04.2007 5:26:21,23.04.2007 19:54:44,Истина,9
846,ОбщественныйТранспорт,11.10.2010 4:44:03,11.10.2010 12:02:29,Истина,9
847,Пешком,03.01.2020 4:42:47,03.01.2020 20:57:12,Ложь,9
848,Автомобиль,08.08.2013 3:51:57,09.08.2013 2:32:59,Ложь,8
849,Пешком,20.09.2001 4:30:42,20.09.2001 10:27:03,Ложь,4
850,Велосипед,16.05.2023 4:59:21,17.05.2023 0:43:51,Истина,10
851,Велосипед,27.05.2017 5:02:06,28.05.2017 5:48:25,Истина,6
852,ОбщественныйТранспорт,10.11.2028 3:35:40,10.11.2028 13:07:12,Ложь,5
853,Пешком,14.03.2004 5:00:19,15.03.2004 0:39:43,Истина,6
854,Автомобиль,05.12.2024 4:17:06,05.12.2024 13:03:19,Ложь,8
855,ОбщественныйТранспорт,08.02.2023 4:34:50,08.02.2023 12:38:34,Истина,1
856,Пешком,05.06.2029 4:07:22,05.06.2029 15:10:04,Истина,9
857,Велосипед,11.05.2014 4:48:32,11.05.2014 14:01:39,Ложь,2
858,Велосипед,01.01.2014 2:47:45,01.01.2014 9:06:21,Истина,8
859,Велосипед,20.10.2004 4:22:50,20.10.2004 20:20:39,Истина,10
860,ОбщественныйТранспорт,21.01.2029 5:32:09,21.01.2029 17:27:26,Ложь,9
861,Пешком,25.07.2004 4:11:15,25.07.2004 10:04:53,Истина,5
862,Велосипед,12.12.2010 3:42:06,12.12.2010 9:57:02,Ложь,3
863,Автомобиль,11.10.2016 4:24:28,12.10.2016 0:37:18,Ложь,7
864,Автомобиль,04.06.2030 4:51:14,05.06.2030 4:39:08,Ложь,6
865,Пешком,20.08.2015 3:04:29,20.08.2015 12:58:08,Истина,4
866,Автомобиль,15.10.2029 3:08:38,15.10.2029 12:43:13,Истина,6
867,Автомобиль,17.08.2027 3:22:59,17.08.2027 22:21:47,Ложь,5
868,Велосипед,21.06.2001 3:24:57,21.06.2001 9:36:47,Ложь,1
869,ОбщественныйТранспорт,28.11.2027 4:53:54,28.11.2027 23:58:27,Истина,1
870,Пешком,23.04.2020 5:19:57,23.04.2020 16:18:54,Истина,1
871,Автомобиль,15.05.2007 2:51:28,15.05.2007 19:45:07,Ложь,6
872,Пешком,17.11.2021 5:12:12,18.11.2021 0:26:19,Истина,3
873,Велосипед,28.01.2009 4:00:53,28.01.2009 21:25:49,Ложь,2
874,ОбщественныйТранспорт,07.08.2012 5:28:24,07.08.2012 17:04:19,Ложь,6
875,Автомобиль,16.12.2025 4:07:48,17.12.2025 3:32:19,Истина,6
876,ОбщественныйТранспорт,12.05.2002 4:33:31,13.05.2002 3:35:08,Ложь,5
877,Автомобиль,13.11.2015 5:27:05,13.11.2015 12:28:38,Ложь,6
878,ОбщественныйТранспорт,09.03.2009 5:09:09,09.03.2009 17:59:50,Истина,9
879,Пешком,28.05.2024 5:16:22,28.05.2024 18:13:50,Ложь,2
880,Автомобиль,16.04.2024 5:16:43,16.04.2024 16:40:06,Ложь,7
881,Велосипед,09.02.2001 4:49:10,10.02.2001 4:49:23,Истина,2
882,ОбщественныйТранспорт,08.12.2017 3:31:21,08.12.2017 19:50:53,Ложь,1
883,Пешком,05.02.2022 5:16:22,05.02.2022 13:13:12,Истина,4
884,Велосипед,01.09.2015 4:26:54,01.09.2015 14:40:35,Ложь,6
885,Велосипед,11.07.2011 3:43:28,11.07.2011 17:32:19,Истина,6
886,ОбщественныйТранспорт,17.11.2016 3:21:11,18.11.2016 1:19:01,Истина,3
887,Автомобиль,03.06.2020 3:53:03,03.06.2020 13:44:02,Истина,9
888,Автомобиль,05.08.2026 5:29:52,05.08.2026 12:41:23,Истина,6
889,ОбщественныйТранспорт,08.12.2007 3:19:58,08.12.2007 19:51:17,Ложь,3
890,Автомобиль,19.01.2019 4:47:12,19.01.2019 18:20:00,Ложь,5
891,Автомобиль,13.07.2007 3:10:41,13.07.2007 11:20:44,Истина,2
892,ОбщественныйТранспорт,14.12.2003 4:26:27,14.12.2003 15:33:30,Ложь,9
893,Велосипед,09.04.2002 4:23:10,10.04.2002 0:54:10,Истина,3
894,Велосипед,27.04.2025 3:42:04,27.04.2025 15:46:37,Истина,5
895,Автомобиль,07.11.2013 5:01:27,07.11.2013 23:06:35,Ложь,10
896,Пешком,13.06.2013 5:12:15,13.06.2013 23:12:31,Истина,10
897,Пешком,16.06.2016 5:06:48,16.06.2016 19:17:16,Ложь,2
898,ОбщественныйТранспорт,27.06.2019 3:15:18,28.06.2019 3:16:55,Ложь,5
899,ОбщественныйТранспорт,11.09.2019 5:14:13,11.09.2019 23:51:26,Ложь,8
900,Велосипед,09.09.2009 5:28:58,09.09.2009 14:56:05,Истина,3
901,ОбщественныйТранспорт,20.12.2028 3:11:20,20.12.2028 15:22:31,Ложь,8
902,Велосипед,18.10.2001 3:32:22,18.10.2001 23:30:20,Истина,1
903,ОбщественныйТранспорт,23.09.2008 5:07:27,23.09.2008 19:11:06,Истина,10
904,Автомобиль,16.10.2027 3:14:34,16.10.2027 16:24:51,Истина,6
905,Велосипед,26.06.2005 4:36:29,27.06.2005 1:54:23,Истина,2
906,Автомобиль,18.10.2015 3:24:38,18.10.2015 23:07:36,Истина,1
907,ОбщественныйТранспорт,26.06.2023 5:22:21,27.06.2023 5:34:56,Истина,3
908,ОбщественныйТранспорт,19.07.2011 4:43:18,19.07.2011 15:22:51,Истина,4
909,ОбщественныйТранспорт,22.12.2012 3:17:31,23.12.2012 2:39:02,Ложь,7
910,Пешком,28.02.2022 3:56:29,28.02.2022 18:50:12,Истина,3
911,Автомобиль,19.09.2018 2:57:04,19.09.2018 19:57:42,Истина,2
912,ОбщественныйТранспорт,23.12.2019 3:03:33,24.12.2019 1:22:31,Ложь,2
913,ОбщественныйТранспорт,16.09.2011 3:39:31,16.09.2011 19:42:34,Истина,3
914,ОбщественныйТранспорт,22.10.2027 3:50:33,22.10.2027 9:36:31,Истина,4
915,ОбщественныйТранспорт,01.06.2006 5:06:46,01.06.2006 15:37:09,Ложь,1
916,Автомобиль,06.09.2010 4:31:56,06.09.2010 23:01:59,Ложь,6
917,ОбщественныйТранспорт,12.07.2011 5:21:51,12.07.2011 11:07:31,Ложь,2
918,Автомобиль,04.11.2021 3:17:12,05.11.2021 1:50:43,Ложь,4
919,Автомобиль,28.05.2004 4:00:15,28.05.2004 19:17:18,Ложь,3
920,Пешком,07.01.2015 3:41:54,07.01.2015 21:37:19,Ложь,7
921,ОбщественныйТранспорт,03.05.2018 3:10:05,04.05.2018 1:02:29,Ложь,3
922,Пешком,28.12.2016 3:26:15,29.12.2016 3:38:52,Ложь,4
923,Велосипед,15.01.2030 3:20:53,15.01.2030 12:52:30,Ложь,10
924,Велосипед,02.07.2000 5:14:53,02.07.2000 14:34:34,Ложь,1
925,ОбщественныйТранспорт,13.09.2020 4:54:38,14.09.2020 0:17:50,Истина,3
926,Автомобиль,06.01.2027 4:17:03,06.01.2027 19:33:12,Истина,10
927,ОбщественныйТранспорт,01.03.2028 4:40:59,01.03.2028 22:28:40,Ложь,4
928,Велосипед,10.12.2004 3:20:51,10.12.2004 18:22:21,Ложь,9
929,Пешком,13.08.2014 4:15:15,14.08.2014 2:57:59,Истина,7
930,ОбщественныйТранспорт,03.04.2000 5:25:56,04.04.2000 0:59:19,Истина,8
931,Автомобиль,02.10.2014 5:10:27,02.10.2014 17:52:25,Истина,6
932,Пешком,21.09.2005 2:59:51,21.09.2005 18:49:26,Ложь,3
933,ОбщественныйТранспорт,04.03.2029 2:52:35,04.03.2029 20:11:48,Ложь,10
934,ОбщественныйТранспорт,13.09.2001 4:00:28,13.09.2001 12:01:27,Ложь,4
935,Велосипед,13.02.2013 4:29:22,13.02.2013 20:43:10,Истина,8
936,ОбщественныйТранспорт,26.10.2023 4:45:33,26.10.2023 15:59:57,Истина,2
937,ОбщественныйТранспорт,08.06.2022 3:43:35,08.06.2022 18:07:07,Ложь,2
938,Автомобиль,18.03.2000 5:13:28,19.03.2000 1:43:24,Истина,3
939,Автомобиль,08.09.2015 4:34:50,08.09.2015 16:29:22,Истина,4
940,Автомобиль,03.10.2001 5:19:51,03.10.2001 14:31:51,Ложь,2
941,Велосипед,10.07.2030 3:10:39,10.07.2030 11:08:04,Ложь,7
942,Автомобиль,17.12.2022 5:32:20,17.12.2022 19:44:16,Истина,5
943,ОбщественныйТранспорт,07.12.2003 3:05:25,08.12.2003 0:47:56,Ложь,7
944,Пешком,10.11.2025 2:54:14,10.11.2025 23:53:44,Ложь,5
945,Автомобиль,13.10.2003 4:49:03,14.10.2003 5:24:07,Истина,7
946,Велосипед,06.03.2020 3:21:23,07.03.2020 2:41:01,Истина,1
947,Пешком,01.02.2018 3:39:22,01.02.2018 16:37:38,Истина,9
948,ОбщественныйТранспорт,11.04.2027 3:31:36,11.04.2027 22:20:39,Ложь,7
949,Автомобиль,26.12.2019 4:48:05,26.12.2019 13:05:50,Истина,10
950,Велосипед,16.06.2026 4:23:04,17.06.2026 3:31:28,Истина,1
951,ОбщественныйТранспорт,14.06.2026 4:01:57,14.06.2026 17:35:15,Ложь,7
952,Автомобиль,09.04.2016 4:16:20,09.04.2016 14:15:52,Истина,3
953,Велосипед,12.01.2001 2:58:36,12.01.2001 18:45:13,Ложь,2
954,ОбщественныйТранспорт,15.10.2007 4:50:44,15.10.2007 20:57:41,Ложь,6
955,Автомобиль,07.03.2002 3:01:24,07.03.2002 17:21:55,Истина,8
956,Автомобиль,20.07.2026 5:22:19,20.07.2026 19:45:08,Истина,6
957,Автомобиль,01.01.2027 4:43:42,01.01.2027 21:31:14,Ложь,10
958,Автомобиль,25.07.2021 5:31:28,26.07.2021 4:23:33,Истина,2
959,ОбщественныйТранспорт,23.12.2000 3:41:22,24.12.2000 3:08:33,Истина,7
960,Пешком,21.03.2029 5:27:44,21.03.2029 18:47:32,Истина,4
961,Пешком,14.10.2009 4:41:47,14.10.2009 20:46:48,Истина,3
962,Велосипед,07.10.2021 3:03:19,07.10.2021 15:21:20,Ложь,5
963,Автомобиль,17.11.2003 3:54:19,17.11.2003 17:16:15,Ложь,3
964,Автомобиль,17.10.2028 3:27:54,17.10.2028 12:32:29,Ложь,10
965,ОбщественныйТранспорт,20.09.2017 4:53:19,21.09.2017 4:45:27,Истина,7
966,ОбщественныйТранспорт,17.08.2012 4:03:49,17.08.2012 20:04:42,Ложь,10
967,Автомобиль,02.04.2028 2:48:14,03.04.2028 0:49:50,Ложь,10
968,Автомобиль,01.12.2028 4:37:08,02.12.2028 2:11:30,Ложь,6
969,Автомобиль,21.09.2029 4:51:09,21.09.2029 15:16:11,Истина,10
970,Автомобиль,16.07.2018 5:10:27,16.07.2018 19:28:37,Истина,5
971,ОбщественныйТранспорт,09.11.2009 4:46:15,09.11.2009 16:03:35,Ложь,6
972,Автомобиль,12.07.2022 5:25:39,12.07.2022 21:38:25,Ложь,6
973,Пешком,05.12.2000 5:23:58,05.12.2000 15:00:50,Ложь,1
974,Автомобиль,18.08.2006 3:37:17,18.08.2006 16:55:19,Ложь,7
975,ОбщественныйТранспорт,01.11.2001 3:14:11,01.11.2001 16:07:06,Ложь,3
976,Пешком,12.11.2026 2:57:54,12.11.2026 13:29:34,Истина,7
977,Пешком,07.06.2006 2:59:26,07.06.2006 11:58:00,Истина,9
978,ОбщественныйТранспорт,19.12.2011 5:08:40,19.12.2011 11:02:59,Истина,4
979,ОбщественныйТранспорт,09.11.2013 5:15:17,09.11.2013 18:28:24,Истина,6
980,Велосипед,17.10.2019 5:12:59,17.10.2019 15:37:42,Истина,2
981,ОбщественныйТранспорт,07.11.2030 5:20:17,08.11.2030 5:30:05,Истина,8
982,Автомобиль,01.08.2008 3:49:19,01.08.2008 12:44:04,Истина,4
983,ОбщественныйТранспорт,05.08.2021 3:06:13,05.08.2021 23:39:39,Ложь,6
984,Велосипед,07.10.2007 2:52:00,07.10.2007 18:15:20,Ложь,2
985,Автомобиль,16.04.2014 3:12:43,16.04.2014 21:59:00,Истина,8
986,Велосипед,05.08.2003 4:28:50,06.08.2003 4:04:22,Ложь,3
987,Велосипед,03.09.2024 4:45:29,03.09.2024 12:24:08,Ложь,5
988,Автомобиль,03.07.2016 4:06:36,03.07.2016 18:20:21,Ложь,2
989,Пешком,04.04.2011 3:28:09,04.04.2011 22:13:47,Истина,2
990,Автомобиль,08.12.2023 5:24:59,08.12.2023 21:48:52,Истина,6
991,Пешком,14.09.2002 3:10:05,15.09.2002 0:50:42,Ложь,3
992,Велосипед,01.01.2021 3:24:22,02.01.2021 2:31:47,Истина,6
993,Пешком,16.11.2020 5:15:12,16.11.2020 23:08:16,Истина,4
994,Автомобиль,25.12.2021 4:30:10,25.12.2021 16:30:21,Ложь,1
995,Автомобиль,11.02.2006 4:52:42,12.02.2006 4:33:58,Ложь,8
996,Автомобиль,02.07.2025 3:17:41,02.07.2025 20:21:32,Истина,3
997,Пешком,09.07.2005 4:23:16,09.07.2005 16:45:18,Ложь,3
998,Автомобиль,01.04.2012 3:21:34,01.04.2012 16:55:52,Ложь,1
999,ОбщественныйТранспорт,27.06.2012 4:33:15,27.06.2012 20:24:31,Ложь,3
1 000,Пешком,09.07.2017 4:07:54,09.07.2017 23:27:48,Истина,10
1 001,Велосипед,17.01.2012 5:00:27,17.01.2012 17:27:52,Ложь,9
1 002,Автомобиль,09.02.2016 3:42:00,10.02.2016 3:58:56,Ложь,2
1 003,Пешком,21.09.2022 4:24:20,21.09.2022 10:51:29,Истина,10
1 004,Автомобиль,11.06.2021 3:50:28,11.06.2021 14:43:23,Истина,3
1 005,Автомобиль,09.12.2004 3:59:50,10.12.2004 4:30:49,Истина,1
1 006,ОбщественныйТранспорт,26.11.2010 3:39:46,27.11.2010 3:14:39,Ложь,5
1 007,Автомобиль,14.06.2013 2:53:59,15.06.2013 2:07:09,Истина,7
1 008,Автомобиль,07.12.2020 3:05:00,07.12.2020 16:59:03,Истина,3
1 009,ОбщественныйТранспорт,05.05.2014 4:59:21,06.05.2014 2:31:34,Истина,7
1 010,Пешком,28.01.2016 3:03:17,28.01.2016 13:22:23,Ложь,1
1 011,Велосипед,02.10.2018 3:11:13,02.10.2018 10:55:48,Ложь,7
1 012,Пешком,09.05.2025 3:40:26,09.05.2025 11:04:24,Истина,8
1 013,ОбщественныйТранспорт,27.09.2026 5:23:04,28.09.2026 2:29:41,Истина,10
1 014,Велосипед,16.10.2015 4:36:59,17.10.2015 4:44:18,Истина,8
1 015,Автомобиль,17.08.2005 3:19:39,17.08.2005 12:26:56,Истина,1
1 016,ОбщественныйТранспорт,07.06.2016 5:32:26,08.06.2016 0:33:00,Ложь,3
1 017,Автомобиль,03.12.2030 3:13:31,03.12.2030 23:48:53,Истина,6
1 018,ОбщественныйТранспорт,05.06.2023 4:12:33,05.06.2023 19:58:02,Истина,9
1 019,Велосипед,23.08.2010 3:13:37,24.08.2010 0:07:56,Ложь,6
1 020,Пешком,08.04.2003 4:37:23,08.04.2003 11:18:55,Истина,7
1 021,ОбщественныйТранспорт,20.02.2022 2:49:53,20.02.2022 23:42:24,Истина,1
1 022,Пешком,09.11.2022 4:36:27,09.11.2022 16:33:01,Истина,5
1 023,Автомобиль,06.08.2010 5:01:28,06.08.2010 19:25:31,Ложь,6
1 024,Велосипед,09.06.2008 2:56:49,09.06.2008 21:41:20,Ложь,3
1 025,Велосипед,19.01.2013 4:20:40,19.01.2013 17:26:17,Истина,4
1 026,ОбщественныйТранспорт,15.06.2030 3:42:31,15.06.2030 19:35:15,Ложь,7
1 027,Пешком,11.03.2003 4:49:39,12.03.2003 0:08:05,Истина,5
1 028,ОбщественныйТранспорт,25.01.2018 3:07:35,26.01.2018 2:16:57,Истина,4
1 029,Автомобиль,05.01.2026 3:43:36,05.01.2026 17:42:55,Истина,5
1 030,Пешком,13.03.2011 3:47:05,13.03.2011 14:26:25,Истина,6
1 031,ОбщественныйТранспорт,09.02.2001 3:48:29,09.02.2001 23:07:58,Ложь,2
1 032,ОбщественныйТранспорт,06.09.2022 3:56:25,06.09.2022 11:56:41,Ложь,4
1 033,Пешком,27.02.2030 3:15:21,28.02.2030 3:49:39,Ложь,2
1 034,Пешком,01.02.2024 3:59:08,01.02.2024 22:39:38,Ложь,4
1 035,ОбщественныйТранспорт,10.08.2015 2:51:07,10.08.2015 18:41:43,Истина,10
1 036,Пешком,27.09.2024 3:43:14,27.09.2024 12:54:47,Истина,2
1 037,Пешком,01.02.2008 3:48:50,01.02.2008 16:29:13,Истина,10
1 038,ОбщественныйТранспорт,11.11.2015 4:24:41,11.11.2015 13:49:15,Ложь,10
1 039,Пешком,06.03.2026 3:56:21,06.03.2026 10:30:33,Истина,3
1 040,Пешком,23.10.2006 5:08:54,23.10.2006 16:32:03,Ложь,5
1 041,Пешком,14.01.2005 3:46:45,14.01.2005 12:06:49,Истина,2
1 042,ОбщественныйТранспорт,13.10.2025 5:00:42,14.10.2025 4:58:33,Истина,6
1 043,Велосипед,18.10.2010 4:31:17,19.10.2010 2:54:53,Ложь,6
1 044,ОбщественныйТранспорт,28.07.2026 2:53:33,28.07.2026 15:39:05,Ложь,3
1 045,ОбщественныйТранспорт,22.12.2004 2:53:17,23.12.2004 2:58:59,Истина,7
1 046,Автомобиль,25.07.2020 4:34:02,26.07.2020 1:19:24,Ложь,4
1 047,Автомобиль,26.11.2000 3:36:52,26.11.2000 17:58:08,Истина,2
1 048,Велосипед,28.04.2028 3:08:16,28.04.2028 12:48:01,Истина,3
1 049,ОбщественныйТранспорт,09.01.2002 4:03:40,10.01.2002 4:41:47,Ложь,4
1 050,Велосипед,06.03.2003 4:52:01,06.03.2003 15:55:15,Ложь,1
1 051,Велосипед,16.08.2020 3:42:30,16.08.2020 18:59:33,Ложь,1
1 052,Велосипед,16.11.2002 4:37:50,16.11.2002 14:31:07,Ложь,8
1 053,Пешком,20.01.2006 3:52:16,21.01.2006 2:28:32,Истина,10
1 054,Автомобиль,18.11.2018 4:51:54,19.11.2018 4:07:24,Ложь,6
1 055,ОбщественныйТранспорт,26.04.2015 4:15:53,26.04.2015 16:39:54,Ложь,8
1 056,Автомобиль,11.02.2025 4:45:29,11.02.2025 14:10:38,Истина,10
1 057,Автомобиль,23.03.2022 3:35:25,24.03.2022 4:30:24,Истина,9
1 058,Велосипед,07.11.2009 4:12:24,07.11.2009 23:41:50,Истина,2
1 059,Пешком,17.12.2004 4:58:01,18.12.2004 4:00:29,Истина,3
1 060,Велосипед,27.09.2024 4:38:31,27.09.2024 18:38:18,Истина,3
1 061,Пешком,11.05.2017 5:32:05,11.05.2017 16:40:54,Ложь,9
1 062,Автомобиль,20.05.2016 2:58:31,20.05.2016 15:42:34,Ложь,5
1 063,Пешком,17.08.2022 5:24:09,17.08.2022 14:19:42,Ложь,1
1 064,Автомобиль,15.09.2013 4:43:11,16.09.2013 4:40:59,Истина,5
1 065,Велосипед,07.01.2012 4:05:05,07.01.2012 21:58:23,Истина,6
1 066,Велосипед,16.08.2015 3:15:33,16.08.2015 20:40:51,Ложь,5
1 067,Велосипед,07.02.2007 5:11:02,07.02.2007 21:51:49,Истина,8
1 068,Автомобиль,09.12.2012 4:25:00,09.12.2012 21:34:36,Истина,3
1 069,Автомобиль,26.04.2004 4:54:16,26.04.2004 21:54:23,Истина,3
1 070,Велосипед,25.03.2028 3:15:55,25.03.2028 10:51:43,Ложь,10
1 071,Пешком,02.04.2001 3:49:39,02.04.2001 19:44:20,Ложь,1
1 072,ОбщественныйТранспорт,10.08.2005 5:23:20,10.08.2005 16:10:07,Истина,10
1 073,Пешком,27.07.2025 3:47:39,27.07.2025 22:05:25,Ложь,1
1 074,Велосипед,20.01.2019 4:39:33,20.01.2019 21:56:07,Ложь,2
1 075,Автомобиль,06.04.2015 5:29:47,06.04.2015 20:19:09,Ложь,1
1 076,ОбщественныйТранспорт,10.02.2022 2:55:48,10.02.2022 22:42:08,Истина,2
1 077,ОбщественныйТранспорт,02.03.2009 4:38:26,03.03.2009 2:30:20,Ложь,7
1 078,ОбщественныйТранспорт,03.02.2008 2:48:04,03.02.2008 19:45:33,Ложь,5
1 079,ОбщественныйТранспорт,18.04.2001 4:29:57,18.04.2001 21:26:52,Ложь,10
1 080,ОбщественныйТранспорт,01.09.2021 4:57:53,02.09.2021 3:58:51,Ложь,8
1 081,Пешком,19.01.2025 5:14:22,19.01.2025 13:56:27,Ложь,3
1 082,ОбщественныйТранспорт,15.02.2028 5:16:30,15.02.2028 20:36:32,Истина,2
1 083,Велосипед,19.12.2009 4:07:18,20.12.2009 1:02:17,Ложь,8
1 084,Пешком,05.02.2024 2:51:18,05.02.2024 16:50:28,Истина,9
1 085,Автомобиль,17.08.2030 3:21:03,17.08.2030 17:02:20,Ложь,4
1 086,Велосипед,22.12.2026 3:04:57,22.12.2026 14:59:53,Ложь,3
1 087,ОбщественныйТранспорт,23.11.2022 4:08:23,23.11.2022 22:33:16,Истина,8
1 088,Велосипед,04.12.2026 4:47:55,04.12.2026 19:37:05,Истина,1
1 089,Велосипед,05.05.2010 3:11:42,05.05.2010 8:52:55,Ложь,8
1 090,ОбщественныйТранспорт,02.09.2013 5:29:34,03.09.2013 2:41:56,Ложь,1
1 091,ОбщественныйТранспорт,15.10.2024 3:28:17,16.10.2024 0:48:49,Истина,4
1 092,ОбщественныйТранспорт,12.12.2026 5:17:30,12.12.2026 10:53:19,Истина,2
1 093,ОбщественныйТранспорт,02.10.2027 3:41:06,03.10.2027 3:19:03,Истина,7
1 094,ОбщественныйТранспорт,16.06.2005 5:18:28,16.06.2005 22:53:07,Истина,4
1 095,Пешком,27.07.2020 4:28:51,27.07.2020 23:05:57,Ложь,10
1 096,ОбщественныйТранспорт,19.08.2007 4:14:55,19.08.2007 14:46:43,Истина,3
1 097,Велосипед,03.08.2005 4:04:27,03.08.2005 23:43:34,Истина,10
1 098,Велосипед,05.08.2006 3:17:09,05.08.2006 14:15:20,Ложь,8
1 099,Пешком,28.07.2024 4:26:34,28.07.2024 23:30:54,Ложь,10
1 100,Велосипед,03.11.2006 4:39:20,03.11.2006 23:09:04,Истина,8
1 101,Автомобиль,18.04.2001 4:49:07,18.04.2001 15:55:10,Ложь,1
1 102,Автомобиль,25.08.2029 4:01:04,25.08.2029 23:44:13,Ложь,1
1 103,ОбщественныйТранспорт,22.03.2027 3:35:33,22.03.2027 14:18:17,Ложь,10
1 104,ОбщественныйТранспорт,12.06.2012 3:43:49,12.06.2012 13:08:03,Ложь,10
1 105,Пешком,09.10.2005 4:28:08,09.10.2005 10:14:52,Ложь,9
1 106,Велосипед,15.06.2014 4:04:55,16.06.2014 0:47:37,Истина,3
1 107,ОбщественныйТранспорт,04.09.2027 4:14:22,05.09.2027 4:05:13,Истина,7
1 108,ОбщественныйТранспорт,19.08.2015 2:57:21,19.08.2015 22:44:44,Ложь,10
1 109,Автомобиль,15.01.2024 3:10:24,15.01.2024 18:12:14,Ложь,8
1 110,Автомобиль,17.01.2014 4:50:57,17.01.2014 19:52:20,Истина,5
1 111,ОбщественныйТранспорт,23.01.2010 4:45:20,23.01.2010 14:04:40,Истина,2
1 112,Автомобиль,27.07.2026 4:50:10,28.07.2026 2:57:59,Истина,1
1 113,Пешком,22.02.2026 2:51:48,22.02.2026 11:38:02,Истина,7
1 114,Велосипед,11.01.2025 4:35:41,12.01.2025 4:00:54,Ложь,2
1 115,ОбщественныйТранспорт,24.01.2013 4:16:54,25.01.2013 5:02:31,Ложь,8
1 116,Автомобиль,16.09.2024 3:22:21,16.09.2024 18:32:17,Ложь,10
1 117,ОбщественныйТранспорт,19.01.2026 3:38:10,20.01.2026 1:03:09,Ложь,10
1 118,ОбщественныйТранспорт,13.03.2008 5:14:48,14.03.2008 4:29:33,Ложь,2
1 119,Пешком,03.08.2022 5:26:54,03.08.2022 21:09:33,Ложь,10
1 120,Автомобиль,28.03.2027 4:31:26,29.03.2027 3:33:27,Ложь,1
1 121,Пешком,18.05.2023 2:53:20,18.05.2023 11:09:12,Ложь,1
1 122,Велосипед,23.11.2010 4:52:19,23.11.2010 20:56:54,Ложь,3
1 123,Велосипед,16.11.2012 3:57:21,16.11.2012 23:25:05,Истина,9
1 124,Автомобиль,17.12.2009 4:46:54,17.12.2009 15:48:05,Ложь,8
1 125,Пешком,12.09.2001 3:39:39,12.09.2001 23:44:31,Ложь,5
1 126,Автомобиль,05.12.2001 4:37:15,05.12.2001 15:51:48,Истина,1
1 127,ОбщественныйТранспорт,22.12.2001 2:58:52,22.12.2001 16:56:06,Истина,4
1 128,Автомобиль,05.11.2016 4:38:28,05.11.2016 18:48:58,Истина,1
1 129,Пешком,24.07.2008 2:48:07,24.07.2008 11:38:36,Истина,7
1 130,Велосипед,04.04.2010 4:09:24,04.04.2010 17:12:43,Ложь,5
1 131,Автомобиль,28.05.2022 4:45:20,28.05.2022 16:22:56,Истина,9
1 132,Велосипед,22.05.2008 4:18:12,22.05.2008 15:52:36,Истина,2
1 133,Велосипед,12.04.2029 5:07:52,12.04.2029 17:49:25,Ложь,5
1 134,Пешком,26.03.2029 5:04:09,26.03.2029 15:34:43,Истина,8
1 135,Автомобиль,02.07.2004 3:24:57,02.07.2004 18:49:12,Ложь,6
1 136,Велосипед,10.07.2004 3:23:33,10.07.2004 13:57:27,Ложь,9
1 137,Пешком,20.01.2030 3:13:14,20.01.2030 14:59:16,Ложь,5
1 138,Пешком,25.06.2019 3:51:36,25.06.2019 15:52:08,Ложь,6
1 139,Велосипед,04.06.2025 4:03:42,04.06.2025 13:54:47,Ложь,6
1 140,Пешком,15.12.2008 3:23:33,16.12.2008 2:32:03,Истина,5
1 141,Пешком,27.06.2024 3:09:54,27.06.2024 18:05:02,Истина,1
1 142,Автомобиль,02.07.2025 3:12:00,02.07.2025 16:37:24,Истина,1
1 143,Автомобиль,08.02.2008 5:25:27,09.02.2008 5:19:19,Ложь,9
1 144,Велосипед,06.02.2003 4:48:06,06.02.2003 21:29:59,Истина,8
1 145,ОбщественныйТранспорт,17.06.2028 4:35:43,18.06.2028 4:24:04,Ложь,6
1 146,Пешком,25.11.2009 4:47:54,26.11.2009 1:20:48,Ложь,3
1 147,Автомобиль,09.10.2008 4:44:47,09.10.2008 15:08:02,Истина,1
1 148,ОбщественныйТранспорт,18.10.2026 4:18:05,18.10.2026 14:53:45,Истина,9
1 149,Автомобиль,20.07.2024 4:26:06,21.07.2024 1:32:54,Истина,10
1 150,Автомобиль,13.12.2025 4:21:04,13.12.2025 14:42:03,Ложь,1
1 151,Велосипед,14.06.2015 5:02:18,14.06.2015 13:29:40,Истина,9
1 152,Автомобиль,09.03.2024 4:28:04,10.03.2024 1:52:20,Истина,1
1 153,Пешком,07.01.2022 5:33:03,08.01.2022 3:04:21,Истина,8
1 154,Автомобиль,14.06.2017 5:32:39,14.06.2017 21:06:44,Истина,3
1 155,Автомобиль,06.04.2010 4:37:21,06.04.2010 15:21:22,Ложь,3
1 156,Автомобиль,12.07.2016 3:36:27,12.07.2016 9:19:38,Истина,10
1 157,Автомобиль,25.08.2024 3:03:45,25.08.2024 23:14:35,Ложь,10
1 158,ОбщественныйТранспорт,28.03.2002 3:21:49,28.03.2002 19:16:34,Ложь,8
1 159,Автомобиль,09.03.2021 5:23:12,09.03.2021 14:44:26,Ложь,9
1 160,ОбщественныйТранспорт,13.01.2019 3:38:33,13.01.2019 14:37:26,Истина,7
1 161,Автомобиль,11.10.2006 4:18:57,11.10.2006 13:09:26,Истина,5
1 162,ОбщественныйТранспорт,26.08.2024 4:11:32,26.08.2024 16:00:47,Ложь,1
1 163,Велосипед,20.07.2019 4:24:55,20.07.2019 17:44:58,Ложь,1
1 164,Пешком,17.11.2006 4:39:47,18.11.2006 2:52:04,Истина,8
1 165,Велосипед,21.10.2027 3:50:22,21.10.2027 20:21:49,Истина,7
1 166,Велосипед,02.05.2024 3:40:34,03.05.2024 0:30:08,Истина,10
1 167,ОбщественныйТранспорт,20.07.2008 3:12:31,20.07.2008 21:52:45,Ложь,10
1 168,Автомобиль,20.09.2006 5:25:44,20.09.2006 17:09:12,Ложь,3
1 169,Автомобиль,04.04.2030 4:53:48,04.04.2030 12:00:58,Истина,3
1 170,Автомобиль,15.08.2026 3:26:48,15.08.2026 12:53:36,Ложь,9
1 171,Велосипед,11.10.2025 5:10:29,11.10.2025 10:57:48,Ложь,7
1 172,ОбщественныйТранспорт,09.07.2010 2:55:41,09.07.2010 16:36:21,Ложь,5
1 173,ОбщественныйТранспорт,27.03.2022 2:59:46,28.03.2022 3:31:20,Истина,6
1 174,Велосипед,15.02.2013 3:36:34,16.02.2013 1:59:55,Истина,7
1 175,ОбщественныйТранспорт,15.07.2002 4:40:28,15.07.2002 19:28:59,Ложь,3
1 176,ОбщественныйТранспорт,15.03.2003 4:32:58,15.03.2003 13:02:18,Ложь,10
1 177,Пешком,28.05.2002 4:12:17,29.05.2002 1:43:49,Истина,1
1 178,ОбщественныйТранспорт,21.06.2018 3:06:24,21.06.2018 12:00:13,Истина,8
1 179,Автомобиль,08.09.2027 5:09:00,08.09.2027 19:00:22,Истина,10
1 180,Велосипед,01.09.2022 3:33:34,01.09.2022 22:27:50,Истина,10
1 181,Велосипед,18.02.2030 3:20:16,18.02.2030 14:05:19,Ложь,9
1 182,ОбщественныйТранспорт,28.04.2020 3:54:12,28.04.2020 20:38:43,Ложь,10
1 183,Велосипед,10.10.2028 4:37:32,11.10.2028 3:57:00,Ложь,9
1 184,Пешком,02.01.2007 4:07:01,02.01.2007 19:34:19,Истина,1
1 185,Автомобиль,22.03.2012 4:27:44,22.03.2012 18:37:33,Истина,8
1 186,Пешком,16.12.2007 4:20:12,16.12.2007 20:29:23,Истина,2
1 187,Пешком,13.10.2014 5:02:50,14.10.2014 0:33:15,Истина,10
1 188,Автомобиль,18.06.2012 5:22:56,19.06.2012 4:19:12,Ложь,4
1 189,ОбщественныйТранспорт,28.06.2022 3:22:26,29.06.2022 2:51:45,Истина,10
1 190,Автомобиль,21.01.2010 5:25:39,21.01.2010 16:11:52,Истина,2
1 191,ОбщественныйТранспорт,06.10.2006 2:48:37,06.10.2006 19:38:01,Ложь,3
1 192,Пешком,10.03.2002 3:04:24,10.03.2002 22:31:49,Истина,3
1 193,Автомобиль,15.04.2006 2:53:00,15.04.2006 15:38:45,Истина,4
1 194,Пешком,18.05.2019 4:56:47,19.05.2019 1:37:50,Ложь,5
1 195,ОбщественныйТранспорт,27.12.2030 2:55:40,28.12.2030 0:40:16,Истина,3
1 196,ОбщественныйТранспорт,04.08.2019 4:20:28,04.08.2019 21:25:37,Ложь,7
1 197,Автомобиль,28.05.2010 3:44:54,29.05.2010 1:01:31,Ложь,7
1 198,Велосипед,16.02.2002 3:19:30,16.02.2002 10:37:15,Истина,9
1 199,Автомобиль,17.08.2002 3:34:27,17.08.2002 15:49:14,Истина,4
1 200,Автомобиль,01.03.2013 3:53:33,01.03.2013 10:29:21,Ложь,7
1 201,ОбщественныйТранспорт,01.10.2011 3:39:14,02.10.2011 1:14:04,Ложь,9
1 202,Велосипед,10.02.2003 5:08:10,10.02.2003 14:21:17,Истина,2
1 203,ОбщественныйТранспорт,20.11.2020 5:17:49,21.11.2020 1:57:48,Истина,9
1 204,Пешком,10.05.2011 3:22:25,10.05.2011 23:23:04,Ложь,3
1 205,Пешком,09.01.2017 4:05:31,09.01.2017 10:33:49,Ложь,4
1 206,Велосипед,24.05.2016 3:07:25,24.05.2016 11:09:31,Истина,5
1 207,ОбщественныйТранспорт,23.03.2010 3:57:09,24.03.2010 3:19:00,Ложь,2
1 208,Велосипед,01.02.2007 4:30:32,02.02.2007 0:03:35,Ложь,3
1 209,Пешком,16.07.2019 3:21:44,16.07.2019 13:03:03,Истина,8
1 210,Автомобиль,10.04.2010 4:45:24,10.04.2010 16:28:40,Истина,10
1 211,ОбщественныйТранспорт,11.06.2007 3:39:16,11.06.2007 21:25:50,Истина,10
1 212,ОбщественныйТранспорт,04.04.2005 3:04:58,04.04.2005 13:39:40,Ложь,5
1 213,Автомобиль,15.07.2009 2:54:45,15.07.2009 21:10:51,Ложь,3
1 214,ОбщественныйТранспорт,15.09.2011 3:46:51,15.09.2011 16:31:00,Ложь,8
1 215,Автомобиль,19.03.2028 3:28:33,19.03.2028 13:26:53,Ложь,5
1 216,Пешком,25.04.2006 3:04:24,25.04.2006 12:47:09,Ложь,3
1 217,Автомобиль,13.04.2010 4:23:29,13.04.2010 10:10:30,Истина,4
1 218,Велосипед,20.02.2025 3:08:59,20.02.2025 14:50:44,Истина,8
1 219,Велосипед,15.03.2011 3:01:30,15.03.2011 12:08:17,Ложь,6
1 220,Велосипед,01.01.2018 3:39:49,02.01.2018 0:18:36,Истина,3
1 221,Пешком,18.07.2012 5:07:43,18.07.2012 22:45:38,Ложь,3
1 222,ОбщественныйТранспорт,09.08.2008 4:22:52,09.08.2008 11:45:35,Истина,6
1 223,Велосипед,25.12.2013 4:37:37,25.12.2013 14:27:29,Ложь,10
1 224,ОбщественныйТранспорт,03.03.2000 3:06:51,03.03.2000 20:24:32,Ложь,10
1 225,Пешком,19.11.2019 5:07:59,19.11.2019 16:45:03,Ложь,9
1 226,ОбщественныйТранспорт,03.05.2026 3:59:06,03.05.2026 23:07:47,Ложь,7
1 227,Автомобиль,27.01.2027 4:50:01,27.01.2027 20:59:10,Истина,7
1 228,Автомобиль,06.03.2025 3:18:11,06.03.2025 10:36:08,Ложь,10
1 229,Велосипед,25.06.2018 3:58:43,25.06.2018 12:12:29,Истина,4
1 230,Пешком,07.03.2024 3:00:18,07.03.2024 18:55:31,Ложь,4
1 231,Автомобиль,03.07.2016 4:26:40,03.07.2016 12:11:13,Истина,6
1 232,Автомобиль,06.11.2004 3:05:28,06.11.2004 23:19:10,Ложь,3
1 233,Автомобиль,19.06.2018 4:50:18,19.06.2018 18:35:33,Ложь,9
1 234,Автомобиль,14.03.2007 5:20:13,15.03.2007 3:16:23,Истина,8
1 235,ОбщественныйТранспорт,22.08.2025 3:16:34,22.08.2025 9:56:39,Истина,4
1 236,Пешком,05.04.2012 4:49:37,06.04.2012 3:40:31,Ложь,3
1 237,Пешком,20.04.2026 5:18:54,20.04.2026 16:14:35,Ложь,6
1 238,ОбщественныйТранспорт,17.09.2004 4:34:25,18.09.2004 0:29:03,Истина,7
1 239,Автомобиль,27.04.2030 4:24:25,27.04.2030 11:51:53,Ложь,3
1 240,ОбщественныйТранспорт,25.12.2016 2:54:51,25.12.2016 22:27:12,Ложь,10
1 241,Велосипед,18.04.2020 3:20:05,18.04.2020 15:22:58,Ложь,2
1 242,Пешком,11.03.2012 3:22:13,11.03.2012 23:44:27,Ложь,3
1 243,ОбщественныйТранспорт,08.04.2030 3:23:07,08.04.2030 10:09:04,Ложь,5
1 244,ОбщественныйТранспорт,10.03.2002 3:45:22,10.03.2002 13:08:57,Ложь,10
1 245,Пешком,01.04.2005 4:54:47,02.04.2005 5:37:52,Истина,4
1 246,Велосипед,10.06.2020 2:49:01,10.06.2020 8:48:02,Истина,2
1 247,Автомобиль,27.11.2023 4:20:54,27.11.2023 14:19:00,Истина,7
1 248,Велосипед,01.05.2012 5:21:08,02.05.2012 5:19:24,Истина,8
1 249,Автомобиль,13.05.2011 4:15:20,13.05.2011 15:05:45,Ложь,2
1 250,ОбщественныйТранспорт,19.12.2021 2:54:24,19.12.2021 23:06:58,Истина,10
1 251,Пешком,18.07.2021 2:57:18,18.07.2021 12:32:18,Истина,1
1 252,ОбщественныйТранспорт,25.06.2026 5:30:06,26.06.2026 3:01:14,Истина,9
1 253,Велосипед,14.04.2012 4:40:52,14.04.2012 14:37:14,Ложь,4
1 254,Пешком,08.05.2003 4:41:56,08.05.2003 15:24:07,Истина,1
1 255,Велосипед,13.07.2013 4:57:32,13.07.2013 21:57:34,Истина,7
1 256,Автомобиль,14.03.2005 4:41:51,14.03.2005 22:36:11,Ложь,4
1 257,Автомобиль,16.09.2007 4:07:13,16.09.2007 21:26:22,Истина,2
1 258,Велосипед,28.04.2003 3:15:19,28.04.2003 18:06:09,Ложь,5
1 259,ОбщественныйТранспорт,15.11.2016 4:35:24,16.11.2016 3:34:24,Ложь,7
1 260,Пешком,21.02.2022 5:08:35,21.02.2022 15:01:52,Ложь,2
1 261,Пешком,13.08.2028 3:17:54,13.08.2028 9:02:46,Истина,1
1 262,ОбщественныйТранспорт,24.04.2015 3:18:58,25.04.2015 1:55:17,Ложь,4
1 263,Пешком,11.02.2018 4:22:08,11.02.2018 12:08:06,Истина,8
1 264,Автомобиль,09.09.2020 3:15:22,09.09.2020 9:26:50,Истина,2
1 265,Велосипед,13.05.2007 5:04:41,14.05.2007 5:25:23,Ложь,10
1 266,Велосипед,25.05.2000 4:22:44,26.05.2000 1:28:49,Ложь,10
1 267,Автомобиль,20.04.2007 4:41:10,20.04.2007 18:14:30,Истина,10
1 268,Пешком,10.03.2018 5:22:58,10.03.2018 21:21:27,Истина,5
1 269,ОбщественныйТранспорт,07.08.2028 4:31:02,07.08.2028 21:57:00,Истина,3
1 270,ОбщественныйТранспорт,02.09.2016 3:39:43,02.09.2016 10:58:16,Истина,9
1 271,Автомобиль,20.02.2029 4:33:58,20.02.2029 11:52:11,Ложь,1
1 272,Пешком,07.04.2011 3:17:15,07.04.2011 23:11:03,Истина,3
1 273,Пешком,08.11.2007 5:32:10,08.11.2007 13:09:46,Ложь,2
1 274,Пешком,26.01.2001 3:19:35,26.01.2001 12:06:32,Истина,1
1 275,Автомобиль,20.02.2030 4:11:13,20.02.2030 11:54:05,Истина,8
1 276,ОбщественныйТранспорт,10.12.2005 4:14:55,11.12.2005 4:07:06,Ложь,10
1 277,Автомобиль,22.12.2012 4:11:50,22.12.2012 17:52:51,Истина,7
1 278,Велосипед,01.10.2004 5:03:49,01.10.2004 22:57:43,Ложь,10
1 279,Велосипед,08.09.2008 3:34:26,08.09.2008 11:00:50,Ложь,6
1 280,Пешком,01.04.2004 5:20:45,01.04.2004 20:14:22,Истина,1
1 281,Автомобиль,12.04.2028 3:48:04,12.04.2028 16:10:34,Ложь,2
1 282,Велосипед,20.02.2003 5:30:13,20.02.2003 18:56:52,Истина,7
1 283,Автомобиль,04.06.2025 4:08:51,04.06.2025 12:05:55,Истина,6
1 284,Автомобиль,02.05.2015 5:16:28,03.05.2015 4:52:56,Ложь,9
1 285,Пешком,06.03.2010 3:03:03,06.03.2010 19:00:15,Истина,10
1 286,Автомобиль,15.07.2010 4:28:40,15.07.2010 14:10:15,Истина,2
1 287,Пешком,03.11.2005 3:03:06,03.11.2005 9:23:28,Ложь,3
1 288,Автомобиль,16.08.2006 4:46:46,17.08.2006 5:38:16,Ложь,4
1 289,Автомобиль,12.07.2029 2:54:30,12.07.2029 11:50:36,Ложь,6
1 290,Велосипед,09.04.2012 5:26:18,09.04.2012 23:04:40,Ложь,8
1 291,Пешком,17.10.2008 3:54:44,17.10.2008 10:44:37,Ложь,3
1 292,Пешком,15.12.2016 3:06:32,15.12.2016 20:38:07,Ложь,1
1 293,Велосипед,08.11.2029 3:06:42,08.11.2029 10:32:07,Истина,7
1 294,Автомобиль,05.02.2030 3:38:18,06.02.2030 2:46:53,Истина,2
1 295,ОбщественныйТранспорт,08.10.2010 3:52:18,08.10.2010 21:57:40,Истина,3
1 296,ОбщественныйТранспорт,18.02.2017 4:22:35,18.02.2017 21:57:52,Истина,4
1 297,Пешком,08.06.2006 5:23:44,08.06.2006 21:41:40,Истина,9
1 298,Велосипед,15.05.2021 4:15:34,16.05.2021 0:35:03,Ложь,7
1 299,Автомобиль,10.06.2009 4:21:42,10.06.2009 11:43:55,Ложь,4
1 300,Велосипед,21.07.2020 3:40:08,21.07.2020 19:02:28,Ложь,10
1 301,Велосипед,18.05.2030 3:19:26,18.05.2030 10:21:34,Истина,4
1 302,Пешком,09.05.2022 4:03:38,10.05.2022 3:27:11,Ложь,1
1 303,ОбщественныйТранспорт,02.08.2018 4:27:32,02.08.2018 23:01:36,Истина,1
1 304,Пешком,12.02.2012 4:34:56,12.02.2012 11:33:40,Ложь,8
1 305,Автомобиль,06.09.2014 4:21:05,06.09.2014 22:34:48,Ложь,1
1 306,Автомобиль,23.03.2013 5:04:03,23.03.2013 19:56:04,Истина,1
1 307,Пешком,24.04.2010 5:22:08,24.04.2010 20:23:20,Истина,5
1 308,Автомобиль,27.04.2022 4:01:02,28.04.2022 1:54:47,Ложь,3
1 309,ОбщественныйТранспорт,24.09.2013 3:28:11,24.09.2013 14:39:00,Ложь,5
1 310,Велосипед,23.06.2026 4:16:15,23.06.2026 23:44:59,Истина,8
1 311,Пешком,25.03.2005 5:28:27,25.03.2005 19:35:34,Ложь,8
1 312,Велосипед,26.12.2010 3:04:32,26.12.2010 10:56:45,Ложь,4
1 313,ОбщественныйТранспорт,06.07.2000 3:09:30,07.07.2000 2:32:24,Ложь,8
1 314,Велосипед,04.10.2020 3:54:48,04.10.2020 19:56:53,Истина,6
1 315,Пешком,18.01.2022 3:14:29,18.01.2022 10:07:16,Истина,5
1 316,Пешком,13.04.2025 5:04:57,13.04.2025 17:48:31,Ложь,4
1 317,ОбщественныйТранспорт,02.09.2009 2:51:18,03.09.2009 1:21:28,Истина,5
1 318,Велосипед,06.03.2004 4:18:39,06.03.2004 11:32:57,Ложь,8
1 319,Велосипед,21.08.2016 5:29:08,21.08.2016 14:55:27,Истина,8
1 320,ОбщественныйТранспорт,01.04.2008 3:47:26,02.04.2008 2:09:01,Истина,9
1 321,Пешком,10.06.2024 5:27:26,11.06.2024 3:04:29,Истина,6
1 322,Велосипед,22.06.2013 5:24:43,22.06.2013 19:44:20,Ложь,5
1 323,ОбщественныйТранспорт,06.03.2000 4:05:25,07.03.2000 4:15:12,Истина,10
1 324,Автомобиль,02.05.2029 3:05:42,02.05.2029 19:04:47,Истина,2
1 325,Автомобиль,08.02.2017 4:50:30,08.02.2017 19:41:33,Истина,9
1 326,Пешком,07.07.2030 5:09:44,07.07.2030 22:27:04,Истина,9
1 327,Велосипед,13.08.2021 3:20:59,14.08.2021 3:17:52,Истина,3
1 328,Пешком,19.07.2005 3:56:09,19.07.2005 16:58:27,Ложь,1
1 329,Велосипед,16.04.2024 5:28:22,16.04.2024 20:19:53,Истина,1
1 330,ОбщественныйТранспорт,01.01.2030 5:13:57,02.01.2030 0:28:45,Ложь,9
1 331,Автомобиль,03.05.2016 3:36:51,03.05.2016 14:35:34,Истина,1
1 332,Пешком,14.01.2028 3:34:21,14.01.2028 20:17:38,Истина,1
1 333,ОбщественныйТранспорт,19.11.2009 3:23:45,20.11.2009 3:39:26,Истина,6
1 334,Пешком,19.07.2030 3:05:51,19.07.2030 23:15:20,Истина,6
1 335,ОбщественныйТранспорт,21.03.2007 3:55:12,21.03.2007 17:34:16,Ложь,9
1 336,Автомобиль,12.07.2014 4:38:10,12.07.2014 23:40:13,Истина,2
1 337,Пешком,02.02.2019 3:04:18,02.02.2019 20:18:49,Истина,9
1 338,ОбщественныйТранспорт,02.11.2017 3:39:25,02.11.2017 17:05:38,Ложь,9
1 339,Пешком,22.03.2024 4:33:37,22.03.2024 11:54:54,Ложь,10
1 340,Автомобиль,24.03.2008 3:05:56,24.03.2008 17:56:21,Истина,5
1 341,Велосипед,19.03.2006 4:04:48,19.03.2006 16:55:51,Истина,3
1 342,ОбщественныйТранспорт,10.10.2017 3:11:05,11.10.2017 1:28:14,Ложь,10
1 343,Автомобиль,13.01.2014 4:33:45,14.01.2014 4:08:43,Ложь,2
1 344,Пешком,05.12.2014 3:06:06,06.12.2014 3:03:47,Ложь,6
1 345,Автомобиль,01.04.2001 5:22:10,01.04.2001 19:07:54,Истина,8
1 346,ОбщественныйТранспорт,23.11.2019 4:39:53,23.11.2019 12:01:12,Ложь,5
1 347,ОбщественныйТранспорт,06.01.2021 5:20:04,06.01.2021 15:00:36,Истина,1
1 348,Автомобиль,01.03.2007 4:00:17,01.03.2007 13:41:50,Ложь,5
1 349,Велосипед,18.09.2006 3:20:40,19.09.2006 0:59:23,Истина,2
1 350,Велосипед,22.12.2004 3:36:48,22.12.2004 23:47:25,Истина,8
1 351,Велосипед,13.07.2009 5:31:12,13.07.2009 17:00:22,Ложь,6
1 352,Автомобиль,18.08.2021 4:17:12,18.08.2021 18:04:32,Истина,5
1 353,Пешком,11.02.2015 3:48:11,11.02.2015 11:33:03,Ложь,10
1 354,Велосипед,14.10.2029 5:13:23,14.10.2029 16:44:50,Ложь,8
1 355,Велосипед,09.05.2009 3:27:39,10.05.2009 0:02:54,Истина,4
1 356,Велосипед,28.01.2000 5:15:09,28.01.2000 21:00:40,Истина,8
1 357,Автомобиль,09.03.2001 5:32:05,09.03.2001 23:17:51,Ложь,6
1 358,Велосипед,01.10.2004 3:09:31,01.10.2004 21:06:17,Ложь,9
1 359,ОбщественныйТранспорт,12.05.2022 4:21:57,12.05.2022 13:56:24,Истина,1
1 360,Велосипед,05.05.2014 3:13:35,05.05.2014 12:42:53,Ложь,3
1 361,Велосипед,01.03.2007 2:54:36,02.03.2007 1:30:40,Ложь,3
1 362,ОбщественныйТранспорт,26.02.2028 4:29:42,26.02.2028 15:53:37,Ложь,5
1 363,Пешком,20.04.2016 3:23:18,21.04.2016 2:32:12,Истина,7
1 364,Велосипед,27.12.2029 5:19:33,27.12.2029 23:09:22,Ложь,8
1 365,Пешком,06.08.2014 4:59:57,06.08.2014 19:47:46,Ложь,4
1 366,Автомобиль,18.06.2015 2:56:44,18.06.2015 9:25:31,Ложь,1
1 367,Пешком,20.03.2023 4:30:42,20.03.2023 22:21:06,Истина,8
1 368,Пешком,17.03.2015 4:52:11,17.03.2015 14:27:15,Ложь,5
1 369,Велосипед,18.12.2013 3:24:30,18.12.2013 17:11:17,Ложь,4
1 370,ОбщественныйТранспорт,01.12.2027 4:45:36,01.12.2027 13:23:18,Ложь,8
1 371,ОбщественныйТранспорт,10.07.2017 5:00:04,11.07.2017 1:55:49,Ложь,9
1 372,Автомобиль,21.04.2008 5:23:17,21.04.2008 20:21:24,Ложь,1
1 373,Велосипед,09.09.2004 5:29:17,09.09.2004 17:17:35,Ложь,1
1 374,Велосипед,06.08.2027 3:25:01,06.08.2027 22:57:06,Истина,6
1 375,Автомобиль,25.08.2022 4:03:03,25.08.2022 18:58:49,Ложь,8
1 376,ОбщественныйТранспорт,28.06.2015 3:28:02,29.06.2015 3:39:37,Ложь,5
1 377,Велосипед,15.07.2010 4:29:52,16.07.2010 4:54:35,Ложь,3
1 378,ОбщественныйТранспорт,12.10.2025 5:16:51,12.10.2025 18:19:55,Ложь,3
1 379,Автомобиль,15.04.2009 4:33:26,15.04.2009 11:05:22,Ложь,4
1 380,ОбщественныйТранспорт,23.08.2008 3:00:45,23.08.2008 12:43:22,Истина,5
1 381,Велосипед,26.11.2025 2:51:12,27.11.2025 1:59:04,Ложь,8
1 382,ОбщественныйТранспорт,04.06.2002 4:04:08,04.06.2002 20:33:06,Истина,6
1 383,ОбщественныйТранспорт,02.04.2010 5:21:36,02.04.2010 16:34:13,Ложь,6
1 384,ОбщественныйТранспорт,09.04.2009 4:16:26,09.04.2009 12:36:48,Истина,1
1 385,Автомобиль,12.01.2023 5:00:16,13.01.2023 3:11:04,Ложь,7
1 386,Автомобиль,28.04.2019 4:36:54,29.04.2019 0:38:33,Ложь,9
1 387,Пешком,01.11.2016 2:58:34,02.11.2016 2:26:12,Ложь,2
1 388,Автомобиль,28.09.2013 3:07:24,28.09.2013 14:12:44,Истина,8
1 389,Пешком,09.02.2030 4:13:12,10.02.2030 3:50:33,Истина,3
1 390,Пешком,10.09.2006 3:06:49,10.09.2006 14:28:49,Ложь,4
1 391,Велосипед,26.07.2004 4:28:44,26.07.2004 13:49:21,Истина,2
1 392,Пешком,04.07.2012 3:25:25,04.07.2012 14:50:22,Истина,2
1 393,ОбщественныйТранспорт,22.04.2018 3:04:14,22.04.2018 20:37:14,Истина,7
1 394,Автомобиль,21.01.2012 4:05:36,21.01.2012 13:02:47,Истина,2
1 395,Велосипед,10.02.2019 3:10:59,11.02.2019 3:02:06,Истина,3
1 396,Автомобиль,03.06.2030 3:27:39,03.06.2030 9:09:03,Истина,10
1 397,Автомобиль,11.06.2025 3:16:08,11.06.2025 11:17:31,Истина,5
1 398,Велосипед,25.05.2005 3:05:40,25.05.2005 21:34:10,Ложь,5
1 399,Автомобиль,05.02.2028 3:13:58,05.02.2028 13:54:42,Истина,8
1 400,Автомобиль,25.06.2007 4:02:42,26.06.2007 2:14:50,Истина,1
1 401,Автомобиль,13.01.2028 5:23:51,14.01.2028 6:22:43,Истина,10
1 402,Пешком,15.04.2019 3:11:24,15.04.2019 13:57:05,Истина,4
1 403,Пешком,15.08.2002 3:07:49,15.08.2002 9:39:43,Истина,4
1 404,ОбщественныйТранспорт,06.03.2002 3:32:47,07.03.2002 2:41:26,Ложь,5
1 405,ОбщественныйТранспорт,23.03.2003 3:17:48,23.03.2003 17:29:47,Истина,4
1 406,Пешком,18.10.2007 3:17:55,18.10.2007 11:02:15,Истина,4
1 407,Велосипед,16.11.2006 3:51:48,17.11.2006 1:55:11,Ложь,7
1 408,Велосипед,26.06.2000 2:56:27,26.06.2000 12:07:30,Ложь,8
1 409,Пешком,04.12.2015 5:08:16,05.12.2015 4:26:39,Истина,5
1 410,Автомобиль,07.11.2007 2:59:20,07.11.2007 14:48:08,Истина,8
1 411,Автомобиль,15.03.2000 4:37:50,16.03.2000 0:45:29,Ложь,2
1 412,Пешком,26.12.2021 3:38:23,26.12.2021 16:35:00,Ложь,3
1 413,Пешком,28.05.2019 4:06:05,28.05.2019 15:44:55,Ложь,4
1 414,Велосипед,16.01.2009 3:10:18,16.01.2009 23:54:19,Ложь,5
1 415,Велосипед,04.01.2012 3:43:27,04.01.2012 16:57:12,Ложь,4
1 416,Велосипед,03.11.2011 5:32:25,03.11.2011 19:02:47,Ложь,10
1 417,ОбщественныйТранспорт,09.06.2025 3:51:05,10.06.2025 4:38:31,Ложь,5
1 418,ОбщественныйТранспорт,20.11.2029 5:02:55,20.11.2029 19:08:24,Истина,7
1 419,Автомобиль,09.08.2030 3:18:20,09.08.2030 22:20:33,Ложь,1
1 420,Автомобиль,04.06.2008 5:01:51,05.06.2008 3:49:55,Истина,9
1 421,ОбщественныйТранспорт,19.03.2025 4:25:50,19.03.2025 20:39:01,Истина,6
1 422,Автомобиль,17.11.2005 3:36:48,18.11.2005 4:01:21,Ложь,2
1 423,Автомобиль,14.01.2016 3:46:55,15.01.2016 0:54:09,Истина,10
1 424,Пешком,21.06.2013 4:12:03,21.06.2013 11:03:04,Истина,1
1 425,Велосипед,01.04.2013 5:33:10,01.04.2013 14:19:40,Истина,3
1 426,Велосипед,01.12.2025 5:16:36,01.12.2025 22:39:06,Ложь,5
1 427,ОбщественныйТранспорт,10.09.2022 4:45:02,10.09.2022 10:57:43,Ложь,3
1 428,ОбщественныйТранспорт,06.05.2002 4:33:12,06.05.2002 17:06:19,Ложь,3
1 429,Велосипед,02.11.2006 3:35:25,02.11.2006 16:04:11,Истина,5
1 430,Пешком,11.02.2020 5:07:04,11.02.2020 19:27:20,Истина,5
1 431,Автомобиль,09.02.2010 3:09:35,09.02.2010 15:54:36,Истина,4
1 432,Велосипед,09.10.2000 2:54:34,09.10.2000 21:53:34,Ложь,2
1 433,Пешком,17.09.2022 5:13:15,17.09.2022 13:40:22,Истина,9
1 434,Пешком,06.09.2022 3:49:23,06.09.2022 23:22:47,Ложь,6
1 435,Пешком,12.05.2020 3:09:29,13.05.2020 4:00:29,Ложь,3
1 436,ОбщественныйТранспорт,14.10.2025 4:49:01,14.10.2025 10:59:02,Ложь,9
1 437,Пешком,16.12.2009 4:22:57,16.12.2009 10:50:45,Ложь,10
1 438,Автомобиль,01.05.2023 3:32:19,01.05.2023 23:36:53,Ложь,4
1 439,Велосипед,14.05.2028 4:29:23,14.05.2028 17:44:05,Истина,10
1 440,Велосипед,15.08.2002 4:42:15,16.08.2002 2:04:27,Истина,3
1 441,Велосипед,16.09.2009 4:44:46,17.09.2009 2:10:16,Истина,9
1 442,Автомобиль,07.05.2019 4:24:08,07.05.2019 11:48:30,Истина,5
1 443,ОбщественныйТранспорт,03.04.2004 3:00:04,03.04.2004 12:40:57,Ложь,5
1 444,Пешком,03.10.2007 3:42:47,03.10.2007 9:23:45,Истина,9
1 445,Пешком,16.02.2005 4:44:19,17.02.2005 4:21:21,Истина,6
1 446,Велосипед,02.03.2016 5:23:16,02.03.2016 23:23:26,Истина,9
1 447,ОбщественныйТранспорт,24.05.2007 5:25:07,25.05.2007 5:48:07,Ложь,5
1 448,Пешком,08.10.2017 2:55:15,08.10.2017 15:48:48,Ложь,3
1 449,Автомобиль,26.09.2029 5:14:46,27.09.2029 3:05:11,Истина,5
1 450,Велосипед,21.05.2026 3:15:44,21.05.2026 10:21:17,Ложь,5
1 451,Велосипед,18.04.2030 5:28:26,19.04.2030 0:44:36,Истина,7
1 452,Автомобиль,06.09.2009 4:29:01,06.09.2009 13:09:01,Ложь,4
1 453,Пешком,21.11.2029 5:21:11,21.11.2029 11:12:55,Ложь,4
1 454,Автомобиль,02.09.2027 4:44:16,02.09.2027 23:46:59,Истина,9
1 455,Пешком,26.01.2004 3:06:18,26.01.2004 17:48:00,Ложь,6
1 456,Пешком,15.06.2022 5:01:48,16.06.2022 2:34:45,Ложь,3
1 457,ОбщественныйТранспорт,08.05.2013 4:14:24,09.05.2013 2:13:19,Истина,1
1 458,Пешком,04.03.2020 3:21:41,05.03.2020 0:58:31,Истина,2
1 459,Автомобиль,17.01.2027 4:30:43,17.01.2027 14:08:07,Ложь,2
1 460,ОбщественныйТранспорт,04.01.2006 3:37:54,05.01.2006 4:12:58,Ложь,9
1 461,Пешком,05.01.2025 3:38:33,05.01.2025 14:31:38,Ложь,5
1 462,ОбщественныйТранспорт,27.08.2025 5:20:01,27.08.2025 17:25:29,Истина,2
1 463,ОбщественныйТранспорт,11.03.2000 4:15:26,11.03.2000 14:43:16,Ложь,8
1 464,Пешком,01.07.2018 4:06:32,01.07.2018 21:24:18,Истина,2
1 465,Велосипед,11.05.2001 4:00:22,12.05.2001 2:52:31,Истина,10
1 466,Автомобиль,02.07.2027 3:50:11,02.07.2027 20:36:34,Ложь,8
1 467,Автомобиль,18.03.2018 3:06:23,18.03.2018 9:03:33,Ложь,3
1 468,Пешком,16.10.2023 5:06:02,16.10.2023 15:31:50,Истина,3
1 469,Пешком,24.01.2030 3:46:11,25.01.2030 2:31:51,Ложь,4
1 470,Пешком,17.02.2010 5:16:51,17.02.2010 17:27:04,Ложь,2
1 471,Автомобиль,07.08.2001 4:30:48,07.08.2001 19:53:48,Истина,4
1 472,ОбщественныйТранспорт,17.01.2019 3:38:54,17.01.2019 11:58:36,Истина,10
1 473,ОбщественныйТранспорт,27.06.2018 5:30:27,27.06.2018 18:36:11,Истина,4
